<?xml version="1.0" encoding="UTF-8"?>
<kml xmlns="http://www.opengis.net/kml/2.2" xmlns:gx="http://www.google.com/kml/ext/2.2" xmlns:kml="http://www.opengis.net/kml/2.2" xmlns:atom="http://www.w3.org/2005/Atom">
<Document>
	<name>NUSANTARA SATU.kml</name>
	<open>1</open>
	<atom:link rel="app" href="https://www.google.com/earth/about/versions/#earth-pro" title="Google Earth Pro 7.3.6.10201"></atom:link>
	<Document>
		<name>Beam 1</name>
		<Style id="inline36">
			<LineStyle>
				<color>ff00ffff</color>
				<width>3.5</width>
			</LineStyle>
		</Style>
		<Style id="inline360">
			<LineStyle>
				<color>ff00c6c6</color>
				<width>3.5</width>
			</LineStyle>
		</Style>
		<Style id="inline361">
			<LineStyle>
				<color>ff00e8e8</color>
				<width>3.5</width>
			</LineStyle>
		</Style>
		<Style id="inline3610">
			<LineStyle>
				<color>ff00dede</color>
				<width>3.5</width>
			</LineStyle>
		</Style>
		<Style id="inline362">
			<LineStyle>
				<color>ff7fffff</color>
				<width>3.5</width>
			</LineStyle>
		</Style>
		<Style id="inline56">
			<LineStyle>
				<color>ff00ffff</color>
				<width>3.5</width>
			</LineStyle>
		</Style>
		<Style id="inline560">
			<LineStyle>
				<color>ff7fffff</color>
				<width>3.5</width>
			</LineStyle>
		</Style>
		<Style id="inline5600">
			<LineStyle>
				<color>ff00c6c6</color>
				<width>3.5</width>
			</LineStyle>
		</Style>
		<Style id="inline5601">
			<LineStyle>
				<color>ff00dede</color>
				<width>3.5</width>
			</LineStyle>
		</Style>
		<Style id="inline561">
			<LineStyle>
				<color>ff00e8e8</color>
				<width>3.5</width>
			</LineStyle>
		</Style>
		<StyleMap id="inline86">
			<Pair>
				<key>normal</key>
				<styleUrl>#inline360</styleUrl>
			</Pair>
			<Pair>
				<key>highlight</key>
				<styleUrl>#inline5600</styleUrl>
			</Pair>
		</StyleMap>
		<StyleMap id="inline860">
			<Pair>
				<key>normal</key>
				<styleUrl>#inline3610</styleUrl>
			</Pair>
			<Pair>
				<key>highlight</key>
				<styleUrl>#inline5601</styleUrl>
			</Pair>
		</StyleMap>
		<StyleMap id="inline8600">
			<Pair>
				<key>normal</key>
				<styleUrl>#inline362</styleUrl>
			</Pair>
			<Pair>
				<key>highlight</key>
				<styleUrl>#inline560</styleUrl>
			</Pair>
		</StyleMap>
		<StyleMap id="inline86000">
			<Pair>
				<key>normal</key>
				<styleUrl>#inline361</styleUrl>
			</Pair>
			<Pair>
				<key>highlight</key>
				<styleUrl>#inline561</styleUrl>
			</Pair>
		</StyleMap>
		<StyleMap id="inline86001">
			<Pair>
				<key>normal</key>
				<styleUrl>#inline36</styleUrl>
			</Pair>
			<Pair>
				<key>highlight</key>
				<styleUrl>#inline56</styleUrl>
			</Pair>
		</StyleMap>
		<StyleMap id="m_ylw-pushpin00">
			<Pair>
				<key>normal</key>
				<styleUrl>#s_ylw-pushpin000</styleUrl>
			</Pair>
			<Pair>
				<key>highlight</key>
				<styleUrl>#s_ylw-pushpin_hl000</styleUrl>
			</Pair>
		</StyleMap>
		<Style id="s_ylw-pushpin000">
			<IconStyle>
				<scale>1.1</scale>
				<Icon>
					<href>http://maps.google.com/mapfiles/kml/pushpin/ylw-pushpin.png</href>
				</Icon>
				<hotSpot x="20" y="2" xunits="pixels" yunits="pixels"/>
			</IconStyle>
		</Style>
		<Style id="s_ylw-pushpin_hl000">
			<IconStyle>
				<scale>1.3</scale>
				<Icon>
					<href>http://maps.google.com/mapfiles/kml/pushpin/ylw-pushpin.png</href>
				</Icon>
				<hotSpot x="20" y="2" xunits="pixels" yunits="pixels"/>
			</IconStyle>
		</Style>
		<Style id="style">
			<IconStyle>
				<Icon>
					<href>http://maps.google.com/mapfiles/kml/shapes/cross-hairs_highlight.png</href>
				</Icon>
			</IconStyle>
		</Style>
		<Style id="style0">
			<IconStyle>
				<Icon>
					<href>http://maps.google.com/mapfiles/kml/shapes/cross-hairs_highlight.png</href>
				</Icon>
			</IconStyle>
		</Style>
		<StyleMap id="stylemap_id3">
			<Pair>
				<key>normal</key>
				<styleUrl>#style</styleUrl>
			</Pair>
			<Pair>
				<key>highlight</key>
				<styleUrl>#style0</styleUrl>
			</Pair>
		</StyleMap>
		<Placemark>
			<name>-10</name>
			<description>-10
@EIRP 54.62 dBW 
@G/T 8.55 dB/K
Pol. Vertical</description>
			<styleUrl>#inline8600</styleUrl>
			<LineString>
				<tessellate>1</tessellate>
				<coordinates>
					100.297,6.539,0 100.555,6.502,0 101.117,6.398,0 101.674,6.268,0 101.997,6.177,0 102.226,6.111,0 102.773,5.926,0 103.025,5.826999999999999,0 103.315,5.707,0 103.788,5.483,0 103.853,5.45,0 104.387,5.145,0 104.393,5.141,0 104.887,4.803,0 104.918,4.778,0 105.295,4.466,0 105.447,4.319,0 105.634,4.13,0 105.912,3.795999999999999,0 105.976,3.704,0 106.142,3.462,0 106.324,3.13,0 106.462,2.798,0 106.515,2.617,0 106.561,2.467,0 106.623,2.136,0 106.646,1.805,0 106.631,1.475,0 106.577,1.144,0 106.567,1.109,0 106.485,0.8139999999999999,0 106.351,0.484,0 106.169,0.154,0 106.103,0.058,0 105.939,-0.177,0 105.65,-0.508,0 105.621,-0.537,0 105.298,-0.8399999999999999,0 105.13,-0.976,0 104.867,-1.172,0 104.631,-1.328,0 104.335,-1.505,0 104.126,-1.62,0 103.668,-1.84,0 103.614,-1.864,0 103.096,-2.071,0 102.78,-2.177,0 102.572,-2.245,0 102.042,-2.39,0 101.504,-2.508,0 101.447,-2.518,0 100.96,-2.605,0 100.41,-2.678,0 99.85100000000001,-2.729,0 99.286,-2.76,0 98.712,-2.77,0 98.13000000000001,-2.759,0 97.53900000000002,-2.727,0 96.938,-2.674,0 96.328,-2.596,0 96.05000000000001,-2.551,0 95.708,-2.495,0 95.07599999999999,-2.369,0 94.46600000000001,-2.221,0 94.432,-2.212,0 93.77500000000001,-2.025,0 93.35399999999998,-1.886,0 93.10399999999998,-1.799,0 92.465,-1.548,0 92.416,-1.528,0 91.726,-1.209,0 91.711,-1.202,0 91.099,-0.869,0 90.985,-0.798,0 90.56200000000001,-0.527,0 90.23399999999999,-0.28,0 90.107,-0.184,0 89.72,0.16,0 89.446,0.459,0 89.404,0.504,0 89.142,0.849,0 88.946,1.193,0 88.81100000000001,1.539,0 88.735,1.884,0 88.71599999999999,2.229,0 88.75700000000001,2.574,0 88.858,2.918000000000001,0 89.023,3.262,0 89.21599999999999,3.544,0 89.25700000000001,3.605,0 89.55,3.947,0 89.907,4.272,0 89.92400000000001,4.288,0 90.37,4.627,0 90.59999999999999,4.776,0 90.90699999999998,4.965,0 91.28500000000001,5.169,0 91.54800000000002,5.301,0 91.962,5.489,0 92.315,5.634,0 92.63000000000001,5.755,0 93.25000000000001,5.964,0 93.288,5.977,0 93.937,6.163,0 94.46400000000001,6.288,0 94.57699999999998,6.315,0 95.20800000000001,6.441,0 95.83100000000002,6.537999999999999,0 96.358,6.6,0 96.446,6.611,0 97.053,6.663,0 97.65299999999999,6.691000000000001,0 98.24600000000001,6.698,0 98.83199999999999,6.682,0 99.413,6.644,0 99.98699999999999,6.584000000000001,0 100.297,6.539,0 
				</coordinates>
			</LineString>
		</Placemark>
		<Placemark>
			<name>-9</name>
			<description>-9
@EIRP 55.62 dBW 
@G/T 9.55 dB/K
Pol. Vertical</description>
			<styleUrl>#inline8600</styleUrl>
			<LineString>
				<tessellate>1</tessellate>
				<coordinates>
					101.095,6.19,0 101.148,6.178999999999999,0 101.704,6.045,0 102.256,5.880999999999999,0 102.386,5.834999999999999,0 102.802,5.686,0 103.266,5.489,0 103.344,5.453,0 103.882,5.179,0 103.939,5.147,0 104.417,4.848,0 104.477,4.807,0 104.916,4.469,0 104.948,4.441,0 105.278,4.133,0 105.479,3.908,0 105.574,3.799,0 105.815,3.465,0 106.005,3.132000000000001,0 106.013,3.112,0 106.152,2.8,0 106.256,2.468,0 106.32,2.137,0 106.343,1.806,0 106.326,1.476,0 106.27,1.145,0 106.17,0.8149999999999999,0 106.099,0.652,0 106.026,0.484,0 105.835,0.154,0 105.624,-0.131,0 105.588,-0.177,0 105.282,-0.509,0 105.135,-0.643,0 104.903,-0.8399999999999999,0 104.638,-1.036,0 104.434,-1.173,0 104.134,-1.354,0 103.847,-1.507,0 103.623,-1.617,0 103.106,-1.837,0 103.091,-1.843,0 102.582,-2.022,0 102.052,-2.173,0 102.02,-2.181,0 101.516,-2.299,0 100.972,-2.399,0 100.422,-2.473,0 99.86400000000002,-2.526,0 99.82399999999998,-2.528,0 99.29900000000001,-2.557,0 98.72499999999998,-2.567,0 98.14300000000001,-2.554,0 97.89999999999999,-2.539,0 97.553,-2.519,0 96.953,-2.463,0 96.343,-2.382,0 95.723,-2.274,0 95.44600000000001,-2.215,0 95.09099999999999,-2.139,0 94.447,-1.973,0 94.145,-1.882,0 93.79000000000001,-1.771,0 93.167,-1.546,0 93.11800000000001,-1.527,0 92.43000000000001,-1.232,0 92.37700000000001,-1.207,0 91.723,-0.87,0 91.718,-0.8670000000000001,0 91.16000000000001,-0.526,0 90.99299999999999,-0.407,0 90.68800000000002,-0.184,0 90.29600000000001,0.159,0 90.23399999999999,0.224,0 89.967,0.503,0 89.706,0.847,0 89.511,1.192,0 89.411,1.449,0 89.376,1.536,0 89.297,1.881,0 89.28100000000001,2.226,0 89.328,2.568,0 89.328,2.57,0 89.431,2.914,0 89.599,3.257,0 89.837,3.599,0 89.98099999999999,3.759,0 90.145,3.940999999999999,0 90.52899999999998,4.281,0 90.66299999999998,4.381,0 90.996,4.62,0 91.343,4.832,0 91.56,4.957,0 92.01499999999999,5.188,0 92.239,5.292,0 92.68000000000001,5.478,0 93.066,5.624,0 93.33499999999998,5.719,0 93.98200000000001,5.917,0 94.11100000000002,5.951,0 94.619,6.081000000000001,0 95.249,6.213,0 95.592,6.271000000000001,0 95.87,6.318,0 96.48399999999999,6.397,0 97.09,6.451,0 97.68899999999999,6.481,0 98.28100000000002,6.488,0 98.86600000000001,6.473,0 99.446,6.435,0 100.019,6.374,0 100.586,6.29,0 101.095,6.19,0 
				</coordinates>
			</LineString>
		</Placemark>
		<Placemark>
			<name>-8</name>
			<description>-8
@EIRP 56.62 dBW 
@G/T 10.55 dB/K
Pol. Vertical</description>
			<styleUrl>#inline8600</styleUrl>
			<LineString>
				<tessellate>1</tessellate>
				<coordinates>
					99.35799999999999,6.215,0 99.47999999999999,6.206,0 100.053,6.144,0 100.619,6.055999999999999,0 101.18,5.941999999999999,0 101.556,5.846,0 101.736,5.799000000000001,0 102.287,5.626,0 102.635,5.497,0 102.834,5.418,0 103.376,5.17,0 103.41,5.153,0 103.914,4.871,0 104.008,4.812,0 104.449,4.504,0 104.489,4.474,0 104.879,4.137,0 104.982,4.032,0 105.197,3.802,0 105.453,3.468,0 105.517,3.365,0 105.656,3.134,0 105.81,2.802,0 105.919,2.47,0 105.984,2.139,0 106.008,1.807,0 105.989,1.477,0 105.929,1.146,0 105.824,0.8149999999999999,0 105.67,0.4849999999999999,0 105.622,0.407,0 105.464,0.154,0 105.2,-0.177,0 105.138,-0.242,0 104.869,-0.509,0 104.644,-0.696,0 104.455,-0.8409999999999999,0 104.141,-1.051,0 103.936,-1.174,0 103.631,-1.339,0 103.271,-1.509,0 103.115,-1.577,0 102.592,-1.774,0 102.364,-1.846,0 102.063,-1.936,0 101.527,-2.068,0 100.984,-2.172,0 100.883,-2.187,0 100.434,-2.251,0 99.877,-2.307,0 99.312,-2.339,0 98.73899999999999,-2.347,0 98.157,-2.333,0 97.56699999999999,-2.295,0 96.967,-2.233,0 96.79299999999999,-2.208,0 96.358,-2.146,0 95.73699999999999,-2.031,0 95.10599999999999,-1.885,0 95.07700000000001,-1.878,0 94.46100000000001,-1.706,0 93.96300000000001,-1.543,0 93.804,-1.487,0 93.13100000000001,-1.22,0 93.096,-1.205,0 92.441,-0.892,0 92.39099999999999,-0.8660000000000001,0 91.804,-0.525,0 91.732,-0.477,0 91.312,-0.183,0 90.996,0.081,0 90.90499999999999,0.159,0 90.568,0.502,0 90.30399999999999,0.8460000000000001,0 90.218,0.9950000000000001,0 90.102,1.19,0 89.96299999999999,1.534,0 89.88500000000001,1.878,0 89.87,2.222,0 89.919,2.566,0 90.033,2.908999999999999,0 90.07500000000002,2.99,0 90.208,3.252,0 90.45399999999999,3.594,0 90.73399999999999,3.89,0 90.777,3.934,0 91.17699999999999,4.274,0 91.40499999999999,4.435,0 91.67000000000002,4.612,0 92.072,4.843,0 92.27000000000001,4.948,0 92.733,5.167,0 93.00399999999999,5.282,0 93.38500000000002,5.43,0 93.92100000000001,5.612,0 94.029,5.646,0 94.66500000000001,5.823,0 95.16200000000001,5.936,0 95.292,5.965000000000001,0 95.91200000000001,6.078,0 96.524,6.162,0 97.129,6.219000000000001,0 97.54300000000002,6.241,0 97.727,6.252,0 98.318,6.261,0 98.902,6.246,0 99.35799999999999,6.215,0 
				</coordinates>
			</LineString>
		</Placemark>
		<Placemark>
			<name>-7</name>
			<description>-7
@EIRP 57.62 dBW 
@G/T 11.55 dB/K
Pol. Vertical</description>
			<styleUrl>#inline8600</styleUrl>
			<LineString>
				<tessellate>1</tessellate>
				<coordinates>
					100.262,5.864,0 100.654,5.8,0 101.215,5.679,0 101.77,5.528,0 101.837,5.507,0 102.321,5.343,0 102.773,5.16,0 102.867,5.119,0 103.409,4.848,0 103.463,4.818,0 103.947,4.514,0 103.999,4.478,0 104.428,4.141,0 104.484,4.09,0 104.773,3.805000000000001,0 105.02,3.508,0 105.05,3.471,0 105.267,3.137,0 105.43,2.804,0 105.545,2.472,0 105.572,2.346,0 105.615,2.14,0 105.639,1.809,0 105.618,1.478,0 105.605,1.411,0 105.552,1.147,0 105.439,0.8159999999999999,0 105.273,0.4849999999999999,0 105.138,0.281,0 105.05,0.154,0 104.763,-0.178,0 104.647,-0.288,0 104.398,-0.51,0 104.147,-0.699,0 103.938,-0.8419999999999999,0 103.639,-1.022,0 103.347,-1.176,0 103.124,-1.283,0 102.602,-1.497,0 102.561,-1.511,0 102.073,-1.671,0 101.538,-1.812,0 101.357,-1.85,0 100.995,-1.923,0 100.446,-2.007,0 99.889,-2.064,0 99.325,-2.097,0 98.752,-2.105,0 98.17100000000001,-2.089,0 97.581,-2.048,0 96.98099999999999,-1.981,0 96.372,-1.886,0 96.30300000000001,-1.872,0 95.752,-1.761,0 95.12,-1.604,0 94.90000000000001,-1.539,0 94.47499999999999,-1.407,0 93.90900000000001,-1.203,0 93.81699999999998,-1.166,0 93.143,-0.8680000000000001,0 93.13400000000001,-0.8639999999999999,0 92.50599999999999,-0.524,0 92.45,-0.49,0 91.98699999999999,-0.183,0 91.735,0.015,0 91.559,0.159,0 91.211,0.502,0 90.986,0.7830000000000001,0 90.93600000000002,0.8450000000000001,0 90.729,1.188,0 90.58799999999999,1.532,0 90.511,1.875,0 90.498,2.219,0 90.55000000000001,2.562,0 90.66800000000001,2.904,0 90.821,3.184,0 90.855,3.246,0 91.113,3.588,0 91.453,3.928,0 91.474,3.944999999999999,0 91.879,4.266,0 92.13399999999999,4.435,0 92.407,4.603,0 92.79000000000001,4.808,0 93.05800000000001,4.938,0 93.438,5.104,0 93.874,5.27,0 94.07899999999998,5.343,0 94.71199999999999,5.536,0 94.95599999999999,5.597,0 95.33799999999999,5.691,0 95.95600000000002,5.811999999999999,0 96.566,5.903,0 96.67300000000002,5.914,0 97.17000000000002,5.966000000000001,0 97.76599999999999,6.001999999999999,0 98.35599999999998,6.013,0 98.93899999999999,5.999,0 99.517,5.958000000000001,0 100.088,5.892,0 100.262,5.864,0 
				</coordinates>
			</LineString>
		</Placemark>
		<Placemark>
			<name>-6</name>
			<description>-6
@EIRP 58.62 dBW 
@G/T 12.55 dB/K
Pol. Vertical</description>
			<styleUrl>#inline8600</styleUrl>
			<LineString>
				<tessellate>1</tessellate>
				<coordinates>
					100.658,5.522,0 100.691,5.516,0 101.251,5.387,0 101.806,5.224,0 101.963,5.169,0 102.356,5.023,0 102.803,4.825,0 102.902,4.777,0 103.426,4.484,0 103.445,4.472,0 103.908,4.146,0 103.985,4.083,0 104.29,3.809,0 104.524,3.555,0 104.594,3.474,0 104.829,3.140000000000001,0 105.006,2.807,0 105.072,2.63,0 105.129,2.474,0 105.203,2.142,0 105.228,1.81,0 105.205,1.479,0 105.132,1.148,0 105.126,1.133,0 105.007,0.8169999999999999,0 104.826,0.486,0 104.648,0.241,0 104.581,0.154,0 104.262,-0.178,0 104.151,-0.274,0 103.853,-0.51,0 103.645,-0.651,0 103.324,-0.8429999999999999,0 103.132,-0.946,0 102.624,-1.178,0 102.611,-1.183,0 102.083,-1.373,0 101.591,-1.515,0 101.548,-1.526,0 101.007,-1.645,0 100.458,-1.734,0 99.901,-1.795,0 99.337,-1.829,0 98.765,-1.837,0 98.184,-1.818,0 97.59399999999999,-1.773,0 96.995,-1.7,0 96.386,-1.596,0 96.09999999999999,-1.535,0 95.765,-1.459,0 95.133,-1.285,0 94.86799999999999,-1.2,0 94.488,-1.067,0 93.98099999999999,-0.862,0 93.828,-0.794,0 93.286,-0.523,0 93.151,-0.446,0 92.726,-0.183,0 92.45399999999999,0.017,0 92.27000000000001,0.159,0 91.904,0.501,0 91.727,0.71,0 91.616,0.8429999999999999,0 91.40199999999999,1.186,0 91.25799999999998,1.529,0 91.18000000000002,1.872,0 91.16799999999999,2.215,0 91.22499999999999,2.557,0 91.351,2.899,0 91.54900000000002,3.241,0 91.55800000000002,3.252,0 91.82599999999999,3.581,0 92.188,3.92,0 92.203,3.932,0 92.649,4.258,0 92.852,4.383,0 93.227,4.594,0 93.49499999999999,4.727,0 93.956,4.927,0 94.133,4.997,0 94.76300000000001,5.213,0 94.917,5.257,0 95.386,5.383,0 96.002,5.517,0 96.372,5.578,0 96.611,5.617,0 97.21299999999999,5.686,0 97.80800000000001,5.726,0 98.39600000000002,5.739,0 98.97899999999998,5.724,0 99.55500000000001,5.683,0 100.126,5.614,0 100.658,5.522,0 
				</coordinates>
			</LineString>
		</Placemark>
		<Placemark>
			<name>-5</name>
			<description>-5
@EIRP 59.62 dBW 
@G/T 13.55 dB/K
Pol. Vertical</description>
			<styleUrl>#inline8600</styleUrl>
			<LineString>
				<tessellate>1</tessellate>
				<coordinates>
					100.785,5.183,0 101.29,5.056,0 101.844,4.878,0 101.959,4.834,0 102.395,4.653,0 102.724,4.491,0 102.941,4.371,0 103.292,4.151,0 103.485,4.01,0 103.728,3.814,0 104.028,3.522,0 104.069,3.478,0 104.329,3.143,0 104.524,2.81,0 104.578,2.679,0 104.659,2.477,0 104.738,2.144,0 104.764,1.812,0 104.737,1.481,0 104.656,1.149,0 104.636,1.1,0 104.517,0.8179999999999998,0 104.314,0.486,0 104.151,0.284,0 104.038,0.154,0 103.677,-0.178,0 103.649,-0.2,0 103.201,-0.511,0 103.138,-0.549,0 102.618,-0.8189999999999998,0 102.561,-0.8450000000000001,0 102.092,-1.032,0 101.63,-1.181,0 101.558,-1.202,0 101.017,-1.332,0 100.469,-1.428,0 99.913,-1.494,0 99.48099999999999,-1.522,0 99.34899999999999,-1.531,0 98.777,-1.538,0 98.456,-1.526,0 98.197,-1.516,0 97.607,-1.465,0 97.00799999999998,-1.383,0 96.39799999999998,-1.268,0 96.096,-1.196,0 95.77800000000001,-1.115,0 95.14400000000001,-0.92,0 94.98000000000002,-0.86,0 94.498,-0.668,0 94.17700000000001,-0.522,0 93.83599999999998,-0.345,0 93.55200000000001,-0.182,0 93.154,0.08699999999999999,0 93.05500000000001,0.158,0 92.663,0.5,0 92.44499999999999,0.7400000000000001,0 92.35599999999998,0.8419999999999999,0 92.13200000000001,1.184,0 91.98099999999999,1.526,0 91.90100000000001,1.869,0 91.89200000000001,2.211,0 91.955,2.553,0 92.09099999999999,2.894,0 92.28700000000002,3.208,0 92.30500000000001,3.234,0 92.607,3.573999999999999,0 92.922,3.847,0 93.00300000000001,3.912,0 93.511,4.249,0 93.55800000000001,4.275,0 94.16500000000001,4.583,0 94.191,4.595,0 94.81799999999998,4.84,0 95.042,4.914,0 95.43799999999999,5.034,0 96.05199999999999,5.183,0 96.343,5.238,0 96.65799999999999,5.295,0 97.25799999999998,5.372,0 97.852,5.417,0 98.43899999999999,5.433,0 99.021,5.419,0 99.59599999999999,5.375,0 100.166,5.301,0 100.73,5.196,0 100.785,5.183,0 
				</coordinates>
			</LineString>
		</Placemark>
		<Placemark>
			<name>-4</name>
			<description>-4
@EIRP 60.62 dBW 
@G/T 14.55 dB/K
Pol. Vertical</description>
			<styleUrl>#inline86001</styleUrl>
			<LineString>
				<tessellate>1</tessellate>
				<coordinates>
					100.688,4.848,0 100.772,4.83,0 101.332,4.672,0 101.812,4.5,0 101.886,4.471,0 102.437,4.21,0 102.53,4.159,0 102.985,3.87,0 103.055,3.82,0 103.449,3.483,0 103.532,3.395,0 103.746,3.147,0 103.965,2.813,0 104.087,2.547,0 104.116,2.48,0 104.203,2.147,0 104.231,1.814,0 104.199,1.482,0 104.136,1.253,0 104.106,1.151,0 103.946,0.8189999999999998,0 103.714,0.487,0 103.648,0.413,0 103.391,0.155,0 103.141,-0.048,0 102.958,-0.178,0 102.624,-0.3789999999999999,0 102.364,-0.512,0 102.099,-0.63,0 101.567,-0.825,0 101.492,-0.847,0 101.027,-0.9709999999999999,0 100.479,-1.078,0 99.92400000000001,-1.151,0 99.419,-1.187,0 99.36000000000001,-1.191,0 98.789,-1.197,0 98.59,-1.189,0 98.209,-1.172,0 97.619,-1.114,0 97.01999999999998,-1.021,0 96.40900000000001,-0.8900000000000001,0 96.28599999999999,-0.857,0 95.78799999999998,-0.7129999999999999,0 95.245,-0.521,0 95.15300000000001,-0.484,0 94.504,-0.182,0 94.503,-0.182,0 93.94499999999998,0.158,0 93.83599999999998,0.238,0 93.511,0.499,0 93.175,0.8399999999999999,0 93.142,0.8859999999999999,0 92.935,1.181,0 92.77500000000002,1.523,0 92.69199999999999,1.865,0 92.68600000000001,2.206,0 92.75699999999999,2.547,0 92.908,2.888,0 93.00900000000001,3.038,0 93.146,3.228000000000001,0 93.48100000000001,3.566,0 93.63,3.685,0 93.93300000000001,3.903,0 94.255,4.096,0 94.527,4.238,0 94.877,4.397,0 95.33100000000002,4.57,0 95.494,4.626,0 96.105,4.798,0 96.556,4.896,0 96.709,4.927,0 97.307,5.014,0 97.89900000000002,5.066,0 98.48499999999999,5.085,0 99.065,5.072,0 99.64,5.025,0 100.209,4.945,0 100.688,4.848,0 
				</coordinates>
			</LineString>
		</Placemark>
		<Placemark>
			<name>-3</name>
			<description>-3
@EIRP 61.62 dBW 
@G/T 15.55 dB/K
Pol. Vertical</description>
			<styleUrl>#inline86000</styleUrl>
			<LineString>
				<tessellate>1</tessellate>
				<coordinates>
					100.311,4.516,0 100.818,4.393,0 101.377,4.212,0 101.486,4.168,0 101.933,3.965,0 102.186,3.827,0 102.485,3.634,0 102.681,3.489,0 103.037,3.16,0 103.044,3.152,0 103.296,2.817,0 103.471,2.483,0 103.573,2.15,0 103.603,1.817,0 103.562,1.485,0 103.45,1.152,0 103.261,0.8199999999999998,0 103.136,0.663,0 102.978,0.488,0 102.625,0.186,0 102.583,0.155,0 102.103,-0.134,0 102.014,-0.179,0 101.573,-0.367,0 101.136,-0.513,0 101.034,-0.544,0 100.487,-0.666,0 99.93300000000001,-0.748,0 99.37000000000002,-0.793,0 98.79900000000001,-0.8,0 98.21899999999999,-0.769,0 97.629,-0.701,0 97.02900000000001,-0.592,0 96.727,-0.519,0 96.41800000000001,-0.435,0 95.79399999999998,-0.221,0 95.69600000000001,-0.181,0 95.157,0.074,0 95.003,0.158,0 94.501,0.488,0 94.48699999999999,0.4969999999999999,0 94.11499999999999,0.838,0 93.84,1.179,0 93.81399999999999,1.227,0 93.667,1.52,0 93.57899999999998,1.861,0 93.575,2.201,0 93.658,2.542,0 93.72800000000001,2.683,0 93.834,2.881,0 94.11000000000001,3.220000000000001,0 94.33099999999999,3.419,0 94.504,3.557,0 94.94399999999999,3.836,0 95.048,3.893,0 95.55599999999998,4.125,0 95.82299999999999,4.225,0 96.16299999999998,4.337,0 96.76399999999998,4.491,0 97.089,4.551,0 97.36,4.596,0 97.95,4.658,0 98.53400000000001,4.682,0 99.11300000000001,4.668,0 99.687,4.617,0 100.255,4.528,0 100.311,4.516,0 
				</coordinates>
			</LineString>
		</Placemark>
		<Placemark>
			<name>-2</name>
			<description>-2
@EIRP 62.62 dBW 
@G/T 16.55 dB/K
Pol. Vertical</description>
			<styleUrl>#inline860</styleUrl>
			<LineString>
				<tessellate>1</tessellate>
				<coordinates>
					100.896,3.839,0 101.43,3.608,0 101.635,3.497,0 101.988,3.264,0 102.122,3.159,0 102.452,2.823,0 102.549,2.681,0 102.667,2.488,0 102.786,2.154,0 102.82,1.82,0 102.768,1.487,0 102.631,1.154,0 102.612,1.125,0 102.38,0.8220000000000001,0 102.1,0.5629999999999999,0 102.004,0.489,0 101.574,0.228,0 101.421,0.155,0 101.037,0.002,0 100.492,-0.158,0 100.384,-0.179,0 99.93899999999998,-0.256,0 99.37600000000002,-0.308,0 98.80500000000001,-0.315,0 98.22499999999998,-0.277,0 97.63500000000001,-0.195,0 97.56699999999999,-0.18,0 97.03299999999999,-0.052,0 96.41999999999999,0.149,0 96.40000000000001,0.157,0 95.792,0.451,0 95.714,0.4959999999999999,0 95.242,0.836,0 95.14400000000001,0.9299999999999999,0 94.92100000000001,1.176,0 94.71700000000001,1.516,0 94.61499999999999,1.856,0 94.617,2.196,0 94.72400000000002,2.535,0 94.93699999999998,2.873,0 95.029,2.972,0 95.288,3.210999999999999,0 95.629,3.445,0 95.80600000000001,3.546,0 96.229,3.741,0 96.608,3.878,0 96.82599999999999,3.944999999999999,0 97.419,4.078,0 98.00599999999999,4.16,0 98.58799999999999,4.194,0 99.166,4.18,0 99.738,4.118,0 100.306,4.008,0 100.869,3.848,0 100.896,3.839,0 
				</coordinates>
			</LineString>
		</Placemark>
		<Placemark>
			<name>-1</name>
			<description>-1
@EIRP 63.62 dBW 
@G/T 17.55 dB/K
Pol. Vertical</description>
			<styleUrl>#inline86</styleUrl>
			<LineString>
				<tessellate>1</tessellate>
				<coordinates>
					99.316,3.516,0 99.79900000000001,3.443,0 100.368,3.285000000000001,0 100.654,3.17,0 100.934,3.024,0 101.216,2.831,0 101.502,2.549,0 101.548,2.494,0 101.711,2.159,0 101.753,1.825,0 101.675,1.491,0 101.556,1.29,0 101.458,1.157,0 101.06,0.8240000000000001,0 101.03,0.8060000000000002,0 100.489,0.5600000000000001,0 100.259,0.491,0 99.937,0.413,0 99.37600000000002,0.342,0 98.80500000000001,0.334,0 98.224,0.388,0 97.696,0.494,0 97.63200000000001,0.509,0 97.02600000000001,0.7349999999999999,0 96.831,0.832,0 96.40300000000001,1.12,0 96.34099999999999,1.172,0 96.071,1.511,0 95.94100000000002,1.85,0 95.95300000000002,2.189,0 96.108,2.526,0 96.31600000000002,2.762,0 96.42800000000001,2.863,0 96.90100000000001,3.152,0 97.00199999999998,3.197000000000001,0 97.488,3.363,0 98.072,3.49,0 98.42400000000001,3.523,0 98.651,3.541,0 99.22699999999999,3.527,0 99.316,3.516,0 
				</coordinates>
			</LineString>
		</Placemark>
		<Placemark>
			<name>Peak</name>
			<description>Peak
@EIRP 64.62 dBW 
@G/T 18.55 dB/K
Pol. Vertical</description>
			<styleUrl>#stylemap_id3</styleUrl>
			<Point>
				<coordinates>98.95999999999998,1.96,0</coordinates>
			</Point>
		</Placemark>
		<Placemark>
			<name>Beam1</name>
			<description>Polarization: Vertical

User Frequency:
Gateway Jakarta
- Downlink: 12.45 - 12.594 GHz
- Uplink: 14.36 - 14.5 GHz</description>
			<LookAt>
				<longitude>108.5226006725925</longitude>
				<latitude>-2.476469991755147</latitude>
				<altitude>0</altitude>
				<heading>0.2594303806261555</heading>
				<tilt>0</tilt>
				<range>3277994.26927947</range>
				<gx:altitudeMode>relativeToSeaFloor</gx:altitudeMode>
			</LookAt>
			<styleUrl>#m_ylw-pushpin00</styleUrl>
			<Point>
				<gx:drawOrder>1</gx:drawOrder>
				<coordinates>98.95999999999998,1.96,0</coordinates>
			</Point>
		</Placemark>
	</Document>
	<Document>
		<name>Beam 2</name>
		<Style id="inline35">
			<LineStyle>
				<color>ff00ffff</color>
				<width>3.5</width>
			</LineStyle>
		</Style>
		<Style id="inline350">
			<LineStyle>
				<color>ff00c6c6</color>
				<width>3.5</width>
			</LineStyle>
		</Style>
		<Style id="inline351">
			<LineStyle>
				<color>ff00e8e8</color>
				<width>3.5</width>
			</LineStyle>
		</Style>
		<Style id="inline352">
			<LineStyle>
				<color>ff00dede</color>
				<width>3.5</width>
			</LineStyle>
		</Style>
		<Style id="inline353">
			<LineStyle>
				<color>ff7fffff</color>
				<width>3.5</width>
			</LineStyle>
		</Style>
		<Style id="inline55">
			<LineStyle>
				<color>ff7fffff</color>
				<width>3.5</width>
			</LineStyle>
		</Style>
		<Style id="inline550">
			<LineStyle>
				<color>ff00dede</color>
				<width>3.5</width>
			</LineStyle>
		</Style>
		<Style id="inline551">
			<LineStyle>
				<color>ff00ffff</color>
				<width>3.5</width>
			</LineStyle>
		</Style>
		<Style id="inline552">
			<LineStyle>
				<color>ff00c6c6</color>
				<width>3.5</width>
			</LineStyle>
		</Style>
		<Style id="inline553">
			<LineStyle>
				<color>ff00e8e8</color>
				<width>3.5</width>
			</LineStyle>
		</Style>
		<StyleMap id="inline85">
			<Pair>
				<key>normal</key>
				<styleUrl>#inline35</styleUrl>
			</Pair>
			<Pair>
				<key>highlight</key>
				<styleUrl>#inline551</styleUrl>
			</Pair>
		</StyleMap>
		<StyleMap id="inline850">
			<Pair>
				<key>normal</key>
				<styleUrl>#inline352</styleUrl>
			</Pair>
			<Pair>
				<key>highlight</key>
				<styleUrl>#inline550</styleUrl>
			</Pair>
		</StyleMap>
		<StyleMap id="inline851">
			<Pair>
				<key>normal</key>
				<styleUrl>#inline353</styleUrl>
			</Pair>
			<Pair>
				<key>highlight</key>
				<styleUrl>#inline55</styleUrl>
			</Pair>
		</StyleMap>
		<StyleMap id="inline852">
			<Pair>
				<key>normal</key>
				<styleUrl>#inline351</styleUrl>
			</Pair>
			<Pair>
				<key>highlight</key>
				<styleUrl>#inline553</styleUrl>
			</Pair>
		</StyleMap>
		<StyleMap id="inline853">
			<Pair>
				<key>normal</key>
				<styleUrl>#inline350</styleUrl>
			</Pair>
			<Pair>
				<key>highlight</key>
				<styleUrl>#inline552</styleUrl>
			</Pair>
		</StyleMap>
		<StyleMap id="m_ylw-pushpin000">
			<Pair>
				<key>normal</key>
				<styleUrl>#s_ylw-pushpin001</styleUrl>
			</Pair>
			<Pair>
				<key>highlight</key>
				<styleUrl>#s_ylw-pushpin_hl001</styleUrl>
			</Pair>
		</StyleMap>
		<Style id="s_ylw-pushpin001">
			<IconStyle>
				<scale>1.1</scale>
				<Icon>
					<href>http://maps.google.com/mapfiles/kml/pushpin/ylw-pushpin.png</href>
				</Icon>
				<hotSpot x="20" y="2" xunits="pixels" yunits="pixels"/>
			</IconStyle>
		</Style>
		<Style id="s_ylw-pushpin_hl001">
			<IconStyle>
				<scale>1.3</scale>
				<Icon>
					<href>http://maps.google.com/mapfiles/kml/pushpin/ylw-pushpin.png</href>
				</Icon>
				<hotSpot x="20" y="2" xunits="pixels" yunits="pixels"/>
			</IconStyle>
		</Style>
		<Style id="style1">
			<IconStyle>
				<Icon>
					<href>http://maps.google.com/mapfiles/kml/shapes/cross-hairs_highlight.png</href>
				</Icon>
			</IconStyle>
		</Style>
		<Style id="style2">
			<IconStyle>
				<Icon>
					<href>http://maps.google.com/mapfiles/kml/shapes/cross-hairs_highlight.png</href>
				</Icon>
			</IconStyle>
		</Style>
		<StyleMap id="stylemap_id5">
			<Pair>
				<key>normal</key>
				<styleUrl>#style1</styleUrl>
			</Pair>
			<Pair>
				<key>highlight</key>
				<styleUrl>#style2</styleUrl>
			</Pair>
		</StyleMap>
		<Placemark>
			<name>-10</name>
			<description>-10
@EIRP 54.43 dBW 
@G/T 8.61 dB/K
Pol. Horizontal</description>
			<styleUrl>#inline851</styleUrl>
			<LineString>
				<tessellate>1</tessellate>
				<coordinates>
					106.509,0.33,0 106.533,0.324,0 107.003,0.173,0 107.432,0,0 107.469,-0.015,0 107.929,-0.239,0 108.089,-0.329,0 108.383,-0.507,0 108.602,-0.658,0 108.831,-0.831,0 109.016,-0.986,0 109.272,-1.23,0 109.354,-1.314,0 109.631,-1.641,0 109.703,-1.743,0 109.859,-1.969,0 110.041,-2.296,0 110.119,-2.472,0 110.186,-2.624,0 110.297,-2.952,0 110.372,-3.279999999999999,0 110.414,-3.608,0 110.426,-3.936999999999999,0 110.409,-4.266,0 110.361,-4.595,0 110.282,-4.925,0 110.172,-5.256,0 110.027,-5.588,0 109.898,-5.823,0 109.845,-5.920000000000001,0 109.627,-6.253999999999999,0 109.378,-6.568000000000001,0 109.362,-6.588,0 109.05,-6.924,0 108.869,-7.094,0 108.677,-7.262,0 108.363,-7.507,0 108.23,-7.602000000000001,0 107.858,-7.844,0 107.683,-7.943999999999999,0 107.353,-8.122,0 106.991,-8.291,0 106.847,-8.353999999999999,0 106.341,-8.547000000000001,0 106.035,-8.643000000000001,0 105.833,-8.706,0 105.323,-8.835000000000001,0 104.811,-8.935,0 104.297,-9.01,0 104.247,-9.013999999999999,0 103.781,-9.061,0 103.263,-9.087999999999999,0 102.743,-9.09,0 102.221,-9.066000000000001,0 102.131,-9.057,0 101.696,-9.016999999999999,0 101.17,-8.942,0 100.642,-8.837,0 100.324,-8.754,0 100.114,-8.699,0 99.584,-8.528,0 99.34199999999998,-8.433,0 99.05500000000001,-8.317,0 98.61800000000001,-8.106999999999999,0 98.526,-8.058999999999999,0 98.045,-7.777000000000001,0 97.998,-7.746,0 97.577,-7.444,0 97.47499999999999,-7.36,0 97.19,-7.11,0 96.959,-6.869,0 96.872,-6.774,0 96.611,-6.437999999999999,0 96.461,-6.192999999999999,0 96.40300000000001,-6.1,0 96.23999999999999,-5.762,0 96.124,-5.423,0 96.05199999999999,-5.084,0 96.03400000000001,-4.889,0 96.018,-4.744,0 96.02200000000001,-4.405,0 96.06699999999999,-4.065,0 96.15099999999998,-3.724,0 96.18100000000001,-3.642,0 96.271,-3.384,0 96.42900000000002,-3.044,0 96.63,-2.704,0 96.876,-2.365,0 96.90400000000001,-2.331,0 97.16300000000001,-2.025,0 97.504,-1.686,0 97.544,-1.65,0 97.898,-1.348,0 98.154,-1.156,0 98.35999999999999,-1.009,0 98.74600000000001,-0.764,0 98.902,-0.672,0 99.322,-0.4450000000000001,0 99.551,-0.336,0 99.887,-0.183,0 100.352,0,0 100.441,0.034,0 100.986,0.213,0 101.436,0.334,0 101.523,0.3569999999999999,0 102.052,0.473,0 102.574,0.5590000000000001,0 103.089,0.618,0 103.598,0.652,0 104.101,0.661,0 104.598,0.646,0 105.09,0.607,0 105.576,0.541,0 106.057,0.448,0 106.509,0.33,0 
				</coordinates>
			</LineString>
		</Placemark>
		<Placemark>
			<name>-9</name>
			<description>-9
@EIRP 55.43 dBW 
@G/T 9.61 dB/K
Pol. Horizontal</description>
			<styleUrl>#inline851</styleUrl>
			<LineString>
				<tessellate>1</tessellate>
				<coordinates>
					105.543,0.331,0 105.578,0.326,0 106.058,0.23,0 106.534,0.102,0 106.837,0,0 107.004,-0.058,0 107.468,-0.254,0 107.62,-0.33,0 107.927,-0.492,0 108.199,-0.658,0 108.38,-0.7789999999999999,0 108.655,-0.987,0 108.826,-1.131,0 109.023,-1.315,0 109.264,-1.576,0 109.321,-1.642,0 109.564,-1.97,0 109.69,-2.179,0 109.759,-2.298,0 109.913,-2.625,0 110.027,-2.953,0 110.086,-3.199,0 110.107,-3.281000000000001,0 110.154,-3.61,0 110.168,-3.939,0 110.151,-4.268,0 110.1,-4.598,0 110.017,-4.928,0 109.963,-5.082,0 109.901,-5.259,0 109.751,-5.591,0 109.561,-5.924,0 109.425,-6.121,0 109.329,-6.257,0 109.05,-6.593,0 108.91,-6.739,0 108.716,-6.929000000000001,0 108.401,-7.199,0 108.314,-7.268,0 107.895,-7.564,0 107.825,-7.608000000000001,0 107.39,-7.863,0 107.213,-7.951999999999999,0 106.884,-8.109,0 106.407,-8.301,0 106.377,-8.313000000000001,0 105.869,-8.48,0 105.36,-8.614000000000001,0 105.134,-8.66,0 104.848,-8.718999999999999,0 104.335,-8.798,0 103.82,-8.85,0 103.303,-8.875999999999999,0 102.783,-8.877000000000001,0 102.262,-8.852,0 101.739,-8.798999999999999,0 101.324,-8.734,0 101.215,-8.717000000000001,0 100.689,-8.606999999999999,0 100.162,-8.461,0 100.04,-8.42,0 99.63500000000001,-8.278,0 99.205,-8.096,0 99.10799999999999,-8.052,0 98.58199999999999,-7.775,0 98.568,-7.767,0 98.06100000000001,-7.436,0 98.059,-7.434000000000001,0 97.64800000000001,-7.102,0 97.542,-7.002,0 97.309,-6.767,0 97.03600000000002,-6.431999999999999,0 97.03500000000001,-6.430999999999999,0 96.813,-6.094,0 96.64400000000001,-5.756,0 96.565,-5.537,0 96.521,-5.418,0 96.44100000000002,-5.079,0 96.402,-4.74,0 96.405,-4.4,0 96.449,-4.061,0 96.53199999999998,-3.721,0 96.65600000000001,-3.381,0 96.822,-3.041,0 96.858,-2.983000000000001,0 97.02799999999999,-2.702,0 97.27799999999999,-2.362,0 97.52300000000001,-2.086,0 97.58,-2.023,0 97.93300000000001,-1.684,0 98.142,-1.51,0 98.349,-1.346,0 98.73899999999999,-1.073,0 98.839,-1.008,0 99.318,-0.726,0 99.422,-0.671,0 99.88500000000001,-0.4429999999999999,0 100.137,-0.335,0 100.441,-0.211,0 100.987,-0.022,0 101.062,0,0 101.524,0.132,0 102.054,0.252,0 102.525,0.333,0 102.576,0.342,0 103.091,0.406,0 103.6,0.4429999999999999,0 104.103,0.453,0 104.6,0.438,0 105.092,0.396,0 105.543,0.331,0 
				</coordinates>
			</LineString>
		</Placemark>
		<Placemark>
			<name>-8</name>
			<description>-8
@EIRP 56.43 dBW 
@G/T 10.61 dB/K
Pol. Horizontal</description>
			<styleUrl>#inline851</styleUrl>
			<LineString>
				<tessellate>1</tessellate>
				<coordinates>
					106.015,0,0 106.059,-0.008999999999999999,0 106.534,-0.143,0 107.003,-0.312,0 107.044,-0.33,0 107.466,-0.521,0 107.723,-0.659,0 107.924,-0.776,0 108.24,-0.987,0 108.375,-1.088,0 108.647,-1.316,0 108.819,-1.481,0 108.973,-1.643,0 109.236,-1.971,0 109.252,-1.995,0 109.445,-2.299,0 109.609,-2.627,0 109.666,-2.777,0 109.732,-2.955,0 109.818,-3.283,0 109.868,-3.612,0 109.884,-3.940999999999999,0 109.866,-4.27,0 109.814,-4.6,0 109.727,-4.931,0 109.605,-5.262,0 109.482,-5.519,0 109.445,-5.594,0 109.245,-5.927,0 108.998,-6.261999999999999,0 108.956,-6.311,0 108.699,-6.597,0 108.444,-6.841,0 108.338,-6.935,0 107.936,-7.248,0 107.898,-7.274,0 107.429,-7.572,0 107.351,-7.616000000000001,0 106.923,-7.837000000000001,0 106.638,-7.962,0 106.416,-8.054,0 105.908,-8.231,0 105.608,-8.315,0 105.399,-8.372,0 104.888,-8.483000000000001,0 104.375,-8.564,0 103.861,-8.617000000000001,0 103.345,-8.644,0 102.826,-8.644,0 102.306,-8.616,0 101.785,-8.56,0 101.262,-8.473000000000001,0 100.949,-8.401999999999999,0 100.738,-8.353,0 100.213,-8.198,0 99.899,-8.082000000000001,0 99.68899999999998,-8.000999999999999,0 99.16500000000001,-7.756,0 99.164,-7.756,0 98.643,-7.453,0 98.602,-7.426000000000001,0 98.151,-7.094,0 98.126,-7.072,0 97.78700000000002,-6.760000000000001,0 97.61799999999998,-6.571,0 97.492,-6.423999999999999,0 97.25799999999998,-6.088000000000001,0 97.131,-5.851000000000001,0 97.078,-5.75,0 96.94499999999999,-5.413,0 96.861,-5.074,0 96.81999999999999,-4.735,0 96.821,-4.396,0 96.864,-4.057,0 96.94799999999999,-3.717000000000001,0 97.07299999999999,-3.378,0 97.241,-3.038,0 97.45699999999999,-2.699,0 97.488,-2.659,0 97.718,-2.36,0 98.03100000000002,-2.021,0 98.12400000000001,-1.934,0 98.404,-1.682,0 98.72799999999998,-1.431,0 98.84699999999998,-1.344,0 99.312,-1.044,0 99.374,-1.007,0 99.881,-0.7349999999999999,0 100.018,-0.67,0 100.438,-0.484,0 100.836,-0.335,0 100.986,-0.28,0 101.524,-0.117,0 102.009,0,0 102.054,0.011,0 102.577,0.108,0 103.093,0.175,0 103.602,0.213,0 104.105,0.225,0 104.602,0.209,0 105.093,0.166,0 105.579,0.093,0 106.015,0,0 
				</coordinates>
			</LineString>
		</Placemark>
		<Placemark>
			<name>-7</name>
			<description>-7
@EIRP 57.43 dBW 
@G/T 11.61 dB/K
Pol. Horizontal</description>
			<styleUrl>#inline851</styleUrl>
			<LineString>
				<tessellate>1</tessellate>
				<coordinates>
					106.256,-0.331,0 106.532,-0.415,0 107,-0.595,0 107.139,-0.66,0 107.463,-0.8210000000000001,0 107.748,-0.988,0 107.919,-1.099,0 108.212,-1.317,0 108.367,-1.448,0 108.576,-1.645,0 108.807,-1.901,0 108.866,-1.973,0 109.094,-2.301,0 109.231,-2.551,0 109.272,-2.629,0 109.405,-2.957,0 109.497,-3.285000000000001,0 109.551,-3.614,0 109.569,-3.943,0 109.551,-4.273,0 109.497,-4.603,0 109.406,-4.934,0 109.277,-5.266,0 109.107,-5.598,0 109.013,-5.748,0 108.892,-5.932,0 108.626,-6.266,0 108.492,-6.411,0 108.301,-6.603,0 107.981,-6.88,0 107.903,-6.941,0 107.472,-7.242000000000001,0 107.409,-7.281,0 106.965,-7.530999999999999,0 106.771,-7.625,0 106.458,-7.766,0 105.95,-7.955,0 105.886,-7.975000000000001,0 105.441,-8.106,0 104.93,-8.222,0 104.419,-8.307,0 104.092,-8.343,0 103.905,-8.363,0 103.389,-8.390000000000001,0 102.872,-8.388,0 102.579,-8.371,0 102.354,-8.356999999999999,0 101.834,-8.295999999999999,0 101.312,-8.202999999999999,0 100.791,-8.074,0 100.767,-8.066000000000001,0 100.269,-7.904,0 99.87000000000002,-7.743,0 99.747,-7.69,0 99.22699999999999,-7.421,0 99.21699999999998,-7.415,0 98.71299999999998,-7.084,0 98.70999999999998,-7.082,0 98.315,-6.751,0 98.20099999999999,-6.638000000000001,0 97.995,-6.415999999999999,0 97.74299999999998,-6.081000000000001,0 97.70699999999999,-6.021,0 97.548,-5.744,0 97.40700000000001,-5.407,0 97.316,-5.068,0 97.27900000000001,-4.796,0 97.27000000000001,-4.73,0 97.26700000000001,-4.391,0 97.31,-4.052,0 97.39599999999999,-3.713000000000001,0 97.40100000000001,-3.7,0 97.52499999999999,-3.374,0 97.699,-3.035,0 97.922,-2.696,0 98.093,-2.483,0 98.197,-2.357,0 98.529,-2.019,0 98.70999999999998,-1.86,0 98.928,-1.68,0 99.301,-1.412,0 99.40600000000001,-1.343,0 99.874,-1.066,0 99.98999999999999,-1.006,0 100.434,-0.791,0 100.727,-0.669,0 100.983,-0.569,0 101.523,-0.393,0 101.746,-0.334,0 102.054,-0.255,0 102.577,-0.152,0 103.093,-0.08,0 103.602,-0.039,0 104.105,-0.027,0 104.602,-0.043,0 105.093,-0.08799999999999999,0 105.578,-0.164,0 106.058,-0.272,0 106.256,-0.331,0 
				</coordinates>
			</LineString>
		</Placemark>
		<Placemark>
			<name>-6</name>
			<description>-6
@EIRP 58.43 dBW 
@G/T 12.61 dB/K
Pol. Horizontal</description>
			<styleUrl>#inline851</styleUrl>
			<LineString>
				<tessellate>1</tessellate>
				<coordinates>
					104.713,-0.332,0 105.092,-0.3690000000000001,0 105.577,-0.45,0 106.056,-0.5659999999999999,0 106.354,-0.661,0 106.529,-0.72,0 106.996,-0.916,0 107.142,-0.99,0 107.457,-1.164,0 107.695,-1.318,0 107.91,-1.476,0 108.114,-1.646,0 108.355,-1.881,0 108.441,-1.975,0 108.695,-2.303,0 108.787,-2.451,0 108.891,-2.631,0 109.037,-2.959,0 109.139,-3.288,0 109.182,-3.527,0 109.198,-3.617,0 109.219,-3.946000000000001,0 109.201,-4.276,0 109.144,-4.606,0 109.098,-4.765,0 109.047,-4.938,0 108.909,-5.27,0 108.726,-5.602,0 108.549,-5.858000000000001,0 108.492,-5.936,0 108.201,-6.272000000000001,0 108.031,-6.437,0 107.839,-6.609,0 107.52,-6.857,0 107.389,-6.948,0 107.011,-7.182000000000001,0 106.809,-7.29,0 106.503,-7.441,0 106.02,-7.636999999999999,0 105.995,-7.646999999999999,0 105.486,-7.809,0 104.976,-7.933,0 104.62,-7.996999999999999,0 104.464,-8.023999999999999,0 103.952,-8.082000000000001,0 103.437,-8.109,0 102.921,-8.106,0 102.404,-8.071999999999999,0 102.162,-8.039999999999999,0 101.886,-8.004,0 101.367,-7.901,0 100.847,-7.759999999999999,0 100.751,-7.727,0 100.328,-7.574,0 99.947,-7.403,0 99.81,-7.335,0 99.36000000000001,-7.073,0 99.295,-7.031,0 98.90900000000001,-6.742,0 98.786,-6.633,0 98.55500000000001,-6.408,0 98.289,-6.09,0 98.276,-6.073,0 98.06399999999999,-5.737000000000001,0 97.911,-5.4,0 97.834,-5.144,0 97.809,-5.062,0 97.75700000000001,-4.725,0 97.75199999999998,-4.386,0 97.794,-4.048,0 97.88200000000001,-3.709000000000001,0 98.01599999999999,-3.37,0 98.029,-3.346000000000001,0 98.2,-3.031,0 98.435,-2.693,0 98.681,-2.405,0 98.727,-2.354,0 99.084,-2.016,0 99.283,-1.855,0 99.51900000000001,-1.678,0 99.86199999999999,-1.452,0 100.052,-1.341,0 100.426,-1.142,0 100.725,-1.004,0 100.978,-0.896,0 101.519,-0.702,0 101.635,-0.668,0 102.051,-0.552,0 102.575,-0.44,0 103.092,-0.362,0 103.428,-0.333,0 103.601,-0.317,0 104.104,-0.304,0 104.601,-0.321,0 104.713,-0.332,0 
				</coordinates>
			</LineString>
		</Placemark>
		<Placemark>
			<name>-5</name>
			<description>-5
@EIRP 59.43 dBW 
@G/T 13.61 dB/K
Pol. Horizontal</description>
			<styleUrl>#inline851</styleUrl>
			<LineString>
				<tessellate>1</tessellate>
				<coordinates>
					104.897,-0.663,0 105.089,-0.6840000000000001,0 105.573,-0.772,0 106.051,-0.898,0 106.32,-0.9909999999999999,0 106.523,-1.067,0 106.989,-1.284,0 107.052,-1.32,0 107.447,-1.566,0 107.56,-1.648,0 107.897,-1.932,0 107.943,-1.977,0 108.233,-2.305,0 108.334,-2.448,0 108.455,-2.633,0 108.619,-2.962,0 108.733,-3.291,0 108.744,-3.342000000000001,0 108.8,-3.62,0 108.824,-3.949,0 108.806,-4.279,0 108.745,-4.61,0 108.641,-4.942,0 108.631,-4.965,0 108.49,-5.274,0 108.289,-5.607,0 108.092,-5.868,0 108.031,-5.941999999999999,0 107.703,-6.278000000000001,0 107.574,-6.392,0 107.289,-6.617,0 107.062,-6.772,0 106.754,-6.957,0 106.553,-7.066000000000001,0 106.044,-7.296000000000001,0 106.026,-7.303000000000001,0 105.535,-7.473,0 105.025,-7.608000000000001,0 104.77,-7.658,0 104.514,-7.706,0 104.002,-7.767,0 103.489,-7.796,0 102.974,-7.791,0 102.458,-7.751999999999999,0 102.122,-7.703,0 101.942,-7.676,0 101.426,-7.561,0 100.909,-7.404,0 100.863,-7.387,0 100.394,-7.193,0 100.131,-7.061,0 99.881,-6.918999999999999,0 99.59700000000001,-6.731,0 99.37300000000002,-6.558,0 99.19,-6.398,0 98.87500000000001,-6.066,0 98.874,-6.063999999999999,0 98.639,-5.729000000000001,0 98.467,-5.393,0 98.41200000000001,-5.232,0 98.354,-5.056,0 98.294,-4.718,0 98.285,-4.381,0 98.327,-4.042,0 98.41800000000001,-3.704,0 98.559,-3.366,0 98.62100000000001,-3.255,0 98.75399999999999,-3.027,0 99.00700000000002,-2.689,0 99.25400000000002,-2.421,0 99.32299999999998,-2.351,0 99.71699999999998,-2.013,0 99.84400000000001,-1.918,0 100.207,-1.675,0 100.413,-1.553,0 100.827,-1.338,0 100.968,-1.272,0 101.512,-1.054,0 101.674,-1.002,0 102.046,-0.8879999999999999,0 102.571,-0.764,0 103.088,-0.678,0 103.219,-0.665,0 103.598,-0.629,0 104.102,-0.614,0 104.598,-0.632,0 104.897,-0.663,0 
				</coordinates>
			</LineString>
		</Placemark>
		<Placemark>
			<name>-4</name>
			<description>-4
@EIRP 60.43 dBW 
@G/T 14.61 dB/K
Pol. Horizontal</description>
			<styleUrl>#inline85</styleUrl>
			<LineString>
				<tessellate>1</tessellate>
				<coordinates>
					104.679,-0.9950000000000001,0 105.083,-1.043,0 105.566,-1.141,0 106.044,-1.281,0 106.152,-1.322,0 106.514,-1.474,0 106.851,-1.651,0 106.977,-1.726,0 107.331,-1.979,0 107.431,-2.064,0 107.68,-2.307,0 107.873,-2.542,0 107.943,-2.636,0 108.131,-2.965,0 108.263,-3.294,0 108.288,-3.391,0 108.34,-3.623,0 108.369,-3.953,0 108.351,-4.283,0 108.286,-4.615,0 108.178,-4.928,0 108.172,-4.946,0 108.003,-5.279,0 107.777,-5.613,0 107.64,-5.777,0 107.48,-5.948999999999999,0 107.121,-6.271000000000001,0 107.101,-6.286000000000001,0 106.608,-6.621999999999999,0 106.601,-6.626,0 106.098,-6.884000000000001,0 105.891,-6.97,0 105.588,-7.085,0 105.078,-7.236,0 104.668,-7.324,0 104.568,-7.344,0 104.056,-7.411,0 103.544,-7.44,0 103.031,-7.433000000000001,0 102.517,-7.388,0 102.358,-7.362,0 102.004,-7.301,0 101.49,-7.169,0 101.127,-7.044,0 100.977,-6.987,0 100.466,-6.742,0 100.424,-6.718,0 99.96099999999998,-6.411,0 99.931,-6.387,0 99.566,-6.054,0 99.46600000000001,-5.940999999999999,0 99.292,-5.720000000000001,0 99.09499999999998,-5.385,0 99.002,-5.15,0 98.964,-5.049,0 98.895,-4.712,0 98.88100000000001,-4.374,0 98.922,-4.037,0 99.018,-3.699,0 99.167,-3.361,0 99.191,-3.322,0 99.381,-3.023,0 99.65900000000001,-2.685,0 99.81100000000001,-2.533,0 100.015,-2.347,0 100.392,-2.058,0 100.463,-2.009,0 100.953,-1.719,0 101.047,-1.672,0 101.5,-1.467,0 101.86,-1.335,0 102.037,-1.275,0 102.563,-1.136,0 103.082,-1.039,0 103.455,-0.998,0 103.592,-0.983,0 104.096,-0.966,0 104.593,-0.985,0 104.679,-0.9950000000000001,0 
				</coordinates>
			</LineString>
		</Placemark>
		<Placemark>
			<name>-3</name>
			<description>-3
@EIRP 61.43 dBW 
@G/T 15.61 dB/K
Pol. Horizontal</description>
			<styleUrl>#inline852</styleUrl>
			<LineString>
				<tessellate>1</tessellate>
				<coordinates>
					105.794,-1.654,0 106.031,-1.741,0 106.498,-1.967,0 106.524,-1.982,0 106.957,-2.285,0 106.988,-2.311,0 107.313,-2.639,0 107.402,-2.755,0 107.545,-2.968,0 107.702,-3.298,0 107.798,-3.627,0 107.809,-3.721,0 107.834,-3.957,0 107.817,-4.288,0 107.744,-4.62,0 107.744,-4.62,0 107.611,-4.952,0 107.417,-5.286,0 107.194,-5.574,0 107.154,-5.621,0 106.794,-5.956999999999999,0 106.674,-6.051,0 106.306,-6.297,0 106.16,-6.381,0 105.648,-6.624,0 105.604,-6.64,0 105.138,-6.796999999999999,0 104.627,-6.919999999999999,0 104.116,-6.996,0 104.099,-6.997000000000001,0 103.605,-7.028,0 103.094,-7.017,0 103.059,-7.014,0 102.583,-6.961,0 102.072,-6.857,0 101.562,-6.703,0 101.554,-6.700000000000001,0 101.055,-6.476999999999999,0 100.869,-6.373,0 100.553,-6.164000000000001,0 100.398,-6.043000000000001,0 100.061,-5.714000000000001,0 100.057,-5.71,0 99.82699999999998,-5.376,0 99.66800000000001,-5.04,0 99.61000000000001,-4.826,0 99.581,-4.704,0 99.56,-4.367,0 99.60100000000001,-4.03,0 99.703,-3.693,0 99.73099999999999,-3.634999999999999,0 99.872,-3.355,0 100.112,-3.018,0 100.353,-2.754,0 100.429,-2.68,0 100.849,-2.342,0 100.927,-2.289,0 101.411,-2.005,0 101.481,-1.969,0 102.021,-1.74,0 102.241,-1.668,0 102.551,-1.575,0 103.071,-1.463,0 103.582,-1.397,0 104.086,-1.376,0 104.583,-1.399,0 105.073,-1.465,0 105.555,-1.576,0 105.794,-1.654,0 
				</coordinates>
			</LineString>
		</Placemark>
		<Placemark>
			<name>-2</name>
			<description>-2
@EIRP 62.43 dBW 
@G/T 16.61 dB/K
Pol. Horizontal</description>
			<styleUrl>#inline850</styleUrl>
			<LineString>
				<tessellate>1</tessellate>
				<coordinates>
					105.094,-1.989,0 105.536,-2.121,0 105.985,-2.316,0 106.008,-2.328,0 106.47,-2.639,0 106.476,-2.644,0 106.789,-2.973,0 106.914,-3.157,0 106.998,-3.302,0 107.118,-3.632,0 107.169,-3.963,0 107.152,-4.294,0 107.065,-4.626,0 106.909,-4.959,0 106.763,-5.174,0 106.67,-5.294,0 106.326,-5.631,0 106.236,-5.701,0 105.825,-5.97,0 105.719,-6.028,0 105.206,-6.25,0 105.001,-6.315,0 104.695,-6.399,0 104.185,-6.487,0 103.675,-6.523000000000001,0 103.166,-6.506,0 102.657,-6.437,0 102.315,-6.352,0 102.151,-6.306,0 101.647,-6.099,0 101.514,-6.027000000000001,0 101.15,-5.789000000000001,0 101.036,-5.696999999999999,0 100.719,-5.364,0 100.668,-5.288,0 100.521,-5.03,0 100.408,-4.695,0 100.372,-4.359,0 100.414,-4.023,0 100.531,-3.686,0 100.725,-3.349,0 100.873,-3.164,0 101.012,-3.011,0 101.412,-2.674,0 101.446,-2.65,0 101.989,-2.336,0 101.995,-2.333,0 102.529,-2.124,0 102.979,-1.998,0 103.052,-1.98,0 103.565,-1.902,0 104.07,-1.877,0 104.567,-1.902,0 105.056,-1.978,0 105.094,-1.989,0 
				</coordinates>
			</LineString>
		</Placemark>
		<Placemark>
			<name>-1</name>
			<description>-1
@EIRP 63.43 dBW 
@G/T 17.61 dB/K
Pol. Horizontal</description>
			<styleUrl>#inline853</styleUrl>
			<LineString>
				<tessellate>1</tessellate>
				<coordinates>
					104.885,-2.653,0 105.023,-2.689,0 105.499,-2.903,0 105.619,-2.98,0 105.959,-3.275999999999999,0 105.988,-3.31,0 106.177,-3.64,0 106.262,-3.97,0 106.248,-4.302,0 106.132,-4.635,0 105.913,-4.97,0 105.819,-5.068,0 105.535,-5.307,0 105.295,-5.459,0 104.886,-5.648,0 104.779,-5.688,0 104.269,-5.807,0 103.76,-5.852000000000001,0 103.253,-5.824,0 102.75,-5.720000000000001,0 102.627,-5.676000000000001,0 102.253,-5.507,0 102.009,-5.349,0 101.767,-5.131,0 101.669,-5.017,0 101.493,-4.683,0 101.428,-4.349,0 101.472,-4.013,0 101.624,-3.676,0 101.884,-3.34,0 101.937,-3.292,0 102.331,-3.002,0 102.487,-2.914,0 103.017,-2.695,0 103.141,-2.663,0 103.534,-2.581,0 104.04,-2.545,0 104.537,-2.579,0 104.885,-2.653,0 
				</coordinates>
			</LineString>
		</Placemark>
		<Placemark>
			<name>Peak</name>
			<description>Peak
@EIRP 64.43 dBW 
@G/T 18.61 dB/K
Pol. Horizontal</description>
			<styleUrl>#stylemap_id5</styleUrl>
			<Point>
				<coordinates>103.917,-4.324,0</coordinates>
			</Point>
		</Placemark>
		<Placemark>
			<name>Beam2</name>
			<description>Polarization: Horizontal

User Frequency:
Gateway Jakarta
- Downlink: 12.45 - 12.594 GHz
- Uplink: 14.2 - 14.34 GHz</description>
			<LookAt>
				<longitude>108.5226006725925</longitude>
				<latitude>-2.476469991755147</latitude>
				<altitude>0</altitude>
				<heading>0.2594303806261555</heading>
				<tilt>0</tilt>
				<range>3277994.26927947</range>
				<gx:altitudeMode>relativeToSeaFloor</gx:altitudeMode>
			</LookAt>
			<styleUrl>#m_ylw-pushpin000</styleUrl>
			<Point>
				<gx:drawOrder>1</gx:drawOrder>
				<coordinates>103.917,-4.324,0</coordinates>
			</Point>
		</Placemark>
	</Document>
	<Document>
		<name>Beam 3</name>
		<Style id="inline34">
			<LineStyle>
				<color>ff00c6c6</color>
				<width>3.5</width>
			</LineStyle>
		</Style>
		<Style id="inline340">
			<LineStyle>
				<color>ff00e8e8</color>
				<width>3.5</width>
			</LineStyle>
		</Style>
		<Style id="inline341">
			<LineStyle>
				<color>ff00ffff</color>
				<width>3.5</width>
			</LineStyle>
		</Style>
		<Style id="inline342">
			<LineStyle>
				<color>ff00dede</color>
				<width>3.5</width>
			</LineStyle>
		</Style>
		<Style id="inline343">
			<LineStyle>
				<color>ff7fffff</color>
				<width>3.5</width>
			</LineStyle>
		</Style>
		<Style id="inline54">
			<LineStyle>
				<color>ff00dede</color>
				<width>3.5</width>
			</LineStyle>
		</Style>
		<Style id="inline540">
			<LineStyle>
				<color>ff00ffff</color>
				<width>3.5</width>
			</LineStyle>
		</Style>
		<Style id="inline541">
			<LineStyle>
				<color>ff00e8e8</color>
				<width>3.5</width>
			</LineStyle>
		</Style>
		<Style id="inline542">
			<LineStyle>
				<color>ff7fffff</color>
				<width>3.5</width>
			</LineStyle>
		</Style>
		<Style id="inline543">
			<LineStyle>
				<color>ff00c6c6</color>
				<width>3.5</width>
			</LineStyle>
		</Style>
		<StyleMap id="inline84">
			<Pair>
				<key>normal</key>
				<styleUrl>#inline34</styleUrl>
			</Pair>
			<Pair>
				<key>highlight</key>
				<styleUrl>#inline543</styleUrl>
			</Pair>
		</StyleMap>
		<StyleMap id="inline840">
			<Pair>
				<key>normal</key>
				<styleUrl>#inline342</styleUrl>
			</Pair>
			<Pair>
				<key>highlight</key>
				<styleUrl>#inline54</styleUrl>
			</Pair>
		</StyleMap>
		<StyleMap id="inline841">
			<Pair>
				<key>normal</key>
				<styleUrl>#inline343</styleUrl>
			</Pair>
			<Pair>
				<key>highlight</key>
				<styleUrl>#inline542</styleUrl>
			</Pair>
		</StyleMap>
		<StyleMap id="inline842">
			<Pair>
				<key>normal</key>
				<styleUrl>#inline340</styleUrl>
			</Pair>
			<Pair>
				<key>highlight</key>
				<styleUrl>#inline541</styleUrl>
			</Pair>
		</StyleMap>
		<StyleMap id="inline843">
			<Pair>
				<key>normal</key>
				<styleUrl>#inline341</styleUrl>
			</Pair>
			<Pair>
				<key>highlight</key>
				<styleUrl>#inline540</styleUrl>
			</Pair>
		</StyleMap>
		<StyleMap id="m_ylw-pushpin001">
			<Pair>
				<key>normal</key>
				<styleUrl>#s_ylw-pushpin0000</styleUrl>
			</Pair>
			<Pair>
				<key>highlight</key>
				<styleUrl>#s_ylw-pushpin_hl0000</styleUrl>
			</Pair>
		</StyleMap>
		<Style id="s_ylw-pushpin0000">
			<IconStyle>
				<scale>1.1</scale>
				<Icon>
					<href>http://maps.google.com/mapfiles/kml/pushpin/ylw-pushpin.png</href>
				</Icon>
				<hotSpot x="20" y="2" xunits="pixels" yunits="pixels"/>
			</IconStyle>
		</Style>
		<Style id="s_ylw-pushpin_hl0000">
			<IconStyle>
				<scale>1.3</scale>
				<Icon>
					<href>http://maps.google.com/mapfiles/kml/pushpin/ylw-pushpin.png</href>
				</Icon>
				<hotSpot x="20" y="2" xunits="pixels" yunits="pixels"/>
			</IconStyle>
		</Style>
		<Style id="style3">
			<IconStyle>
				<Icon>
					<href>http://maps.google.com/mapfiles/kml/shapes/cross-hairs_highlight.png</href>
				</Icon>
			</IconStyle>
		</Style>
		<Style id="style4">
			<IconStyle>
				<Icon>
					<href>http://maps.google.com/mapfiles/kml/shapes/cross-hairs_highlight.png</href>
				</Icon>
			</IconStyle>
		</Style>
		<StyleMap id="stylemap_id6">
			<Pair>
				<key>normal</key>
				<styleUrl>#style3</styleUrl>
			</Pair>
			<Pair>
				<key>highlight</key>
				<styleUrl>#style4</styleUrl>
			</Pair>
		</StyleMap>
		<Placemark>
			<name>-10</name>
			<description>-10
@EIRP 54.96 dBW 
@G/T 8.57 dB/K
Pol. Vertical</description>
			<styleUrl>#inline841</styleUrl>
			<LineString>
				<tessellate>1</tessellate>
				<coordinates>
					113.609,-3.761,0 113.906,-3.83,0 114.308,-3.948,0 114.666,-4.08,0 114.705,-4.095,0 115.099,-4.269,0 115.349,-4.401,0 115.487,-4.478,0 115.865,-4.723,0 115.871,-4.727,0 116.248,-5.028,0 116.269,-5.046,0 116.593,-5.369,0 116.618,-5.398,0 116.855,-5.692,0 116.978,-5.877,0 117.066,-6.017,0 117.233,-6.341000000000001,0 117.318,-6.556,0 117.361,-6.666999999999999,0 117.455,-6.993,0 117.514,-7.319,0 117.541,-7.646999999999999,0 117.538,-7.975000000000001,0 117.505,-8.303000000000001,0 117.442,-8.632999999999999,0 117.349,-8.964,0 117.222,-9.295999999999999,0 117.06,-9.629,0 117.013,-9.710000000000001,0 116.864,-9.962999999999999,0 116.627,-10.298,0 116.53,-10.416,0 116.344,-10.636,0 116.063,-10.92,0 116.006,-10.975,0 115.604,-11.317,0 115.604,-11.317,0 115.148,-11.641,0 115.118,-11.661,0 114.696,-11.913,0 114.513,-12.009,0 114.244,-12.143,0 113.794,-12.335,0 113.719,-12.363,0 113.345,-12.499,0 112.896,-12.633,0 112.502,-12.729,0 112.447,-12.742,0 111.998,-12.831,0 111.55,-12.898,0 111.101,-12.943,0 110.653,-12.968,0 110.205,-12.973,0 109.757,-12.957,0 109.309,-12.92,0 108.863,-12.861,0 108.67,-12.825,0 108.418,-12.778,0 107.974,-12.672,0 107.533,-12.535,0 107.477,-12.515,0 107.094,-12.37,0 106.712,-12.193,0 106.659,-12.168,0 106.229,-11.925,0 106.14,-11.867,0 105.806,-11.631,0 105.688,-11.538,0 105.392,-11.271,0 105.325,-11.206,0 105.033,-10.873,0 104.993,-10.817,0 104.8,-10.539,0 104.622,-10.203,0 104.62,-10.198,0 104.486,-9.867000000000001,0 104.395,-9.531000000000001,0 104.345,-9.193,0 104.339,-9.039,0 104.33,-8.856,0 104.351,-8.518000000000001,0 104.408,-8.18,0 104.501,-7.842,0 104.565,-7.678000000000001,0 104.629,-7.504,0 104.791,-7.166000000000001,0 104.993,-6.828,0 105.22,-6.515000000000001,0 105.238,-6.49,0 105.521,-6.152,0 105.78,-5.89,0 105.856,-5.815,0 106.244,-5.477,0 106.308,-5.427,0 106.698,-5.139,0 106.818,-5.059,0 107.233,-4.802,0 107.313,-4.757,0 107.797,-4.504,0 107.882,-4.465,0 108.271,-4.292,0 108.708,-4.127,0 108.738,-4.116,0 109.197,-3.968,0 109.65,-3.847,0 109.928,-3.787999999999999,0 110.097,-3.751,0 110.539,-3.675,0 110.975,-3.622,0 111.407,-3.589,0 111.834,-3.577,0 112.257,-3.585,0 112.675,-3.613,0 113.09,-3.663,0 113.5,-3.736000000000001,0 113.609,-3.761,0 
				</coordinates>
			</LineString>
		</Placemark>
		<Placemark>
			<name>-9</name>
			<description>-9
@EIRP 55.96 dBW 
@G/T 9.57 dB/K
Pol. Vertical</description>
			<styleUrl>#inline841</styleUrl>
			<LineString>
				<tessellate>1</tessellate>
				<coordinates>
					111.842,-3.773,0 112.246,-3.782,0 112.665,-3.811,0 113.079,-3.863,0 113.489,-3.938,0 113.895,-4.039,0 114.042,-4.085,0 114.296,-4.165,0 114.693,-4.319,0 114.878,-4.405,0 115.085,-4.506,0 115.467,-4.726,0 115.473,-4.73,0 115.854,-5,0 115.915,-5.049,0 116.229,-5.332,0 116.269,-5.372,0 116.552,-5.695,0 116.594,-5.753,0 116.779,-6.02,0 116.945,-6.323,0 116.956,-6.344,0 117.094,-6.67,0 117.193,-6.996,0 117.255,-7.322,0 117.255,-7.323,0 117.286,-7.65,0 117.285,-7.978,0 117.251,-8.307,0 117.185,-8.637,0 117.101,-8.917999999999999,0 117.086,-8.968,0 116.956,-9.300000000000001,0 116.788,-9.632999999999999,0 116.588,-9.955,0 116.58,-9.968,0 116.331,-10.304,0 116.113,-10.552,0 116.03,-10.642,0 115.67,-10.981,0 115.649,-10.999,0 115.234,-11.324,0 115.191,-11.355,0 114.737,-11.648,0 114.699,-11.67,0 114.285,-11.893,0 114.011,-12.02,0 113.834,-12.098,0 113.384,-12.27,0 113.041,-12.379,0 112.935,-12.411,0 112.487,-12.528,0 112.038,-12.619,0 111.59,-12.686,0 111.143,-12.732,0 110.695,-12.758,0 110.248,-12.762,0 109.801,-12.745,0 109.355,-12.706,0 108.91,-12.643,0 108.466,-12.555,0 108.237,-12.495,0 108.025,-12.439,0 107.585,-12.295,0 107.296,-12.178,0 107.15,-12.116,0 106.718,-11.899,0 106.641,-11.854,0 106.292,-11.634,0 106.142,-11.526,0 105.875,-11.311,0 105.746,-11.196,0 105.469,-10.907,0 105.43,-10.864,0 105.18,-10.53,0 105.085,-10.368,0 104.986,-10.195,0 104.842,-9.859999999999999,0 104.749,-9.538,0 104.744,-9.523,0 104.684,-9.186999999999999,0 104.666,-8.85,0 104.684,-8.512,0 104.74,-8.173999999999999,0 104.833,-7.837000000000001,0 104.963,-7.499,0 105.132,-7.161,0 105.135,-7.155,0 105.337,-6.823000000000001,0 105.587,-6.484999999999999,0 105.73,-6.321,0 105.883,-6.148000000000001,0 106.232,-5.81,0 106.273,-5.773999999999999,0 106.639,-5.472,0 106.789,-5.362,0 107.121,-5.135,0 107.289,-5.03,0 107.699,-4.797,0 107.776,-4.757,0 108.253,-4.53,0 108.422,-4.46,0 108.722,-4.34,0 109.183,-4.184,0 109.404,-4.121,0 109.637,-4.056,0 110.085,-3.953,0 110.527,-3.875,0 110.964,-3.82,0 111.396,-3.786,0 111.801,-3.774,0 111.824,-3.773,0 111.842,-3.773,0 
				</coordinates>
			</LineString>
		</Placemark>
		<Placemark>
			<name>-8</name>
			<description>-8
@EIRP 56.96 dBW 
@G/T 10.57 dB/K
Pol. Vertical</description>
			<styleUrl>#inline841</styleUrl>
			<LineString>
				<tessellate>1</tessellate>
				<coordinates>
					113.112,-4.092,0 113.476,-4.163,0 113.882,-4.269,0 114.282,-4.404,0 114.297,-4.409,0 114.678,-4.569,0 114.997,-4.73,0 115.069,-4.77,0 115.455,-5.014,0 115.509,-5.052,0 115.834,-5.313,0 115.903,-5.375,0 116.205,-5.689,0 116.213,-5.699,0 116.459,-6.023,0 116.563,-6.192999999999999,0 116.652,-6.348000000000001,0 116.799,-6.673,0 116.894,-6.965999999999999,0 116.905,-6.999,0 116.974,-7.326,0 117.008,-7.652999999999999,0 117.007,-7.982,0 116.973,-8.311,0 116.905,-8.641,0 116.802,-8.972,0 116.664,-9.300000000000001,0 116.663,-9.304,0 116.487,-9.638,0 116.268,-9.973000000000001,0 116.171,-10.098,0 116.001,-10.31,0 115.7,-10.627,0 115.679,-10.648,0 115.288,-10.989,0 115.239,-11.027,0 114.809,-11.332,0 114.782,-11.35,0 114.329,-11.615,0 114.201,-11.68,0 113.877,-11.835,0 113.427,-12.018,0 113.381,-12.034,0 112.978,-12.169,0 112.529,-12.291,0 112.082,-12.386,0 111.97,-12.403,0 111.634,-12.457,0 111.187,-12.506,0 110.74,-12.532,0 110.293,-12.535,0 109.848,-12.515,0 109.403,-12.471,0 109.373,-12.466,0 108.96,-12.404,0 108.518,-12.309,0 108.079,-12.185,0 108.008,-12.161,0 107.642,-12.029,0 107.219,-11.84,0 107.21,-11.836,0 106.782,-11.598,0 106.652,-11.514,0 106.362,-11.305,0 106.213,-11.185,0 105.952,-10.941,0 105.867,-10.853,0 105.595,-10.52,0 105.559,-10.466,0 105.384,-10.186,0 105.228,-9.851000000000001,0 105.201,-9.771000000000001,0 105.118,-9.516,0 105.053,-9.179,0 105.03,-8.842000000000001,0 105.046,-8.505000000000001,0 105.1,-8.167999999999999,0 105.193,-7.831000000000001,0 105.325,-7.493,0 105.496,-7.155,0 105.658,-6.901,0 105.711,-6.818,0 105.969,-6.48,0 106.226,-6.199,0 106.279,-6.142000000000001,0 106.645,-5.805,0 106.754,-5.716,0 107.079,-5.467,0 107.26,-5.343,0 107.599,-5.13,0 107.752,-5.041,0 108.232,-4.794,0 108.237,-4.792,0 108.703,-4.59,0 109.078,-4.454,0 109.166,-4.423,0 109.621,-4.286,0 110.07,-4.177,0 110.416,-4.113,0 110.513,-4.095,0 110.951,-4.035,0 111.384,-3.998,0 111.811,-3.985,0 112.234,-3.994,0 112.653,-4.027,0 113.067,-4.083,0 113.112,-4.092,0 
				</coordinates>
			</LineString>
		</Placemark>
		<Placemark>
			<name>-7</name>
			<description>-7
@EIRP 57.96 dBW 
@G/T 11.57 dB/K
Pol. Vertical</description>
			<styleUrl>#inline841</styleUrl>
			<LineString>
				<tessellate>1</tessellate>
				<coordinates>
					113.481,-4.416,0 113.866,-4.525,0 114.266,-4.669,0 114.417,-4.735,0 114.661,-4.849,0 115.031,-5.056,0 115.05,-5.068,0 115.433,-5.34,0 115.481,-5.379,0 115.809,-5.681,0 115.829,-5.702,0 116.1,-6.027000000000001,0 116.172,-6.131999999999999,0 116.311,-6.351,0 116.472,-6.677,0 116.515,-6.795,0 116.587,-7.003,0 116.662,-7.33,0 116.7,-7.657,0 116.7,-7.986,0 116.665,-8.315,0 116.594,-8.646000000000001,0 116.487,-8.977,0 116.341,-9.31,0 116.246,-9.478999999999999,0 116.152,-9.643000000000001,0 115.919,-9.978999999999999,0 115.76,-10.169,0 115.631,-10.316,0 115.292,-10.645,0 115.281,-10.655,0 114.849,-10.997,0 114.832,-11.009,0 114.377,-11.301,0 114.304,-11.343,0 113.924,-11.541,0 113.582,-11.693,0 113.473,-11.739,0 113.024,-11.9,0 112.575,-12.029,0 112.468,-12.054,0 112.128,-12.131,0 111.68,-12.206,0 111.234,-12.257,0 110.788,-12.283,0 110.342,-12.285,0 109.898,-12.263,0 109.455,-12.215,0 109.014,-12.141,0 108.992,-12.136,0 108.574,-12.038,0 108.137,-11.903,0 107.926,-11.823,0 107.704,-11.732,0 107.275,-11.52,0 107.24,-11.5,0 106.853,-11.255,0 106.739,-11.172,0 106.44,-10.924,0 106.352,-10.842,0 106.051,-10.51,0 106.041,-10.497,0 105.82,-10.177,0 105.671,-9.888,0 105.648,-9.842000000000001,0 105.526,-9.507,0 105.453,-9.170999999999999,0 105.425,-8.835000000000001,0 105.437,-8.497999999999999,0 105.49,-8.161,0 105.584,-7.824,0 105.718,-7.487000000000001,0 105.895,-7.148999999999999,0 106.118,-6.812,0 106.158,-6.760000000000001,0 106.389,-6.474,0 106.708,-6.144,0 106.715,-6.137,0 107.105,-5.799000000000001,0 107.224,-5.709,0 107.575,-5.462,0 107.722,-5.368,0 108.149,-5.124,0 108.207,-5.093,0 108.681,-4.871,0 108.893,-4.786,0 109.146,-4.689,0 109.603,-4.542,0 109.972,-4.446,0 110.053,-4.425,0 110.498,-4.336,0 110.936,-4.273,0 111.369,-4.234,0 111.797,-4.22,0 112.22,-4.23,0 112.639,-4.265,0 113.053,-4.324,0 113.462,-4.411,0 113.481,-4.416,0 
				</coordinates>
			</LineString>
		</Placemark>
		<Placemark>
			<name>-6</name>
			<description>-6
@EIRP 58.96 dBW 
@G/T 12.57 dB/K
Pol. Vertical</description>
			<styleUrl>#inline841</styleUrl>
			<LineString>
				<tessellate>1</tessellate>
				<coordinates>
					113.627,-4.742,0 113.848,-4.811,0 114.247,-4.97,0 114.438,-5.062,0 114.64,-5.168,0 114.983,-5.384,0 115.027,-5.415,0 115.385,-5.707,0 115.406,-5.727,0 115.691,-6.031,0 115.774,-6.139999999999999,0 115.926,-6.356,0 116.105,-6.681,0 116.125,-6.73,0 116.232,-7.007,0 116.315,-7.334,0 116.357,-7.662000000000001,0 116.36,-7.989999999999999,0 116.324,-8.32,0 116.249,-8.651,0 116.135,-8.981999999999999,0 115.98,-9.315,0 115.837,-9.554,0 115.777,-9.65,0 115.524,-9.986000000000001,0 115.356,-10.172,0 115.209,-10.324,0 114.89,-10.607,0 114.819,-10.664,0 114.431,-10.941,0 114.325,-11.008,0 113.976,-11.208,0 113.675,-11.356,0 113.524,-11.424,0 113.074,-11.599,0 112.717,-11.712,0 112.625,-11.74,0 112.177,-11.848,0 111.731,-11.928,0 111.285,-11.981,0 110.84,-12.008,0 110.396,-12.009,0 109.953,-11.983,0 109.511,-11.931,0 109.072,-11.85,0 108.876,-11.8,0 108.635,-11.736,0 108.201,-11.587,0 107.957,-11.483,0 107.772,-11.397,0 107.348,-11.159,0 107.346,-11.158,0 106.933,-10.856,0 106.901,-10.83,0 106.562,-10.499,0 106.531,-10.462,0 106.304,-10.166,0 106.153,-9.91,0 106.111,-9.833,0 105.975,-9.497999999999999,0 105.892,-9.163,0 105.856,-8.836,0 105.855,-8.827,0 105.863,-8.49,0 105.915,-8.154,0 106.01,-7.817,0 106.018,-7.797,0 106.149,-7.480000000000001,0 106.333,-7.143,0 106.566,-6.804999999999999,0 106.641,-6.715,0 106.854,-6.468,0 107.177,-6.154,0 107.203,-6.13,0 107.627,-5.793,0 107.685,-5.752,0 108.147,-5.455,0 108.176,-5.439,0 108.654,-5.19,0 108.817,-5.117,0 109.122,-4.989,0 109.581,-4.828,0 109.758,-4.777,0 110.033,-4.701,0 110.479,-4.605,0 110.918,-4.538,0 111.352,-4.496,0 111.78,-4.481,0 112.204,-4.493,0 112.622,-4.53,0 113.036,-4.594,0 113.444,-4.687,0 113.627,-4.742,0 
				</coordinates>
			</LineString>
		</Placemark>
		<Placemark>
			<name>-5</name>
			<description>-5
@EIRP 59.96 dBW 
@G/T 13.57 dB/K
Pol. Vertical</description>
			<styleUrl>#inline841</styleUrl>
			<LineString>
				<tessellate>1</tessellate>
				<coordinates>
					113.631,-5.069,0 113.826,-5.138,0 114.223,-5.316,0 114.36,-5.39,0 114.613,-5.542,0 114.851,-5.711999999999999,0 114.996,-5.832,0 115.212,-6.036,0 115.369,-6.215,0 115.483,-6.36,0 115.685,-6.686,0 115.723,-6.768000000000001,0 115.829,-7.012000000000001,0 115.922,-7.339,0 115.971,-7.667,0 115.977,-7.996,0 115.94,-8.326000000000001,0 115.861,-8.656000000000001,0 115.739,-8.989000000000001,0 115.57,-9.321999999999999,0 115.437,-9.528,0 115.349,-9.657,0 115.069,-9.994,0 114.958,-10.107,0 114.714,-10.333,0 114.493,-10.511,0 114.263,-10.675,0 114.034,-10.82,0 113.669,-11.021,0 113.58,-11.065,0 113.129,-11.258,0 112.798,-11.374,0 112.68,-11.413,0 112.232,-11.53,0 111.785,-11.616,0 111.34,-11.673,0 110.896,-11.701,0 110.453,-11.701,0 110.012,-11.671,0 109.573,-11.612,0 109.136,-11.521,0 108.921,-11.46,0 108.702,-11.393,0 108.272,-11.225,0 108.096,-11.141,0 107.848,-11.008,0 107.547,-10.815,0 107.432,-10.73,0 107.147,-10.486,0 107.028,-10.362,0 106.849,-10.155,0 106.645,-9.85,0 106.628,-9.821999999999999,0 106.474,-9.488,0 106.376,-9.153,0 106.336,-8.856999999999999,0 106.331,-8.818,0 106.334,-8.481999999999999,0 106.383,-8.146000000000001,0 106.48,-7.809,0 106.504,-7.754,0 106.625,-7.472000000000001,0 106.82,-7.135,0 107.067,-6.797999999999999,0 107.109,-6.751,0 107.379,-6.461,0 107.635,-6.229,0 107.762,-6.123,0 108.136,-5.852000000000001,0 108.238,-5.785,0 108.62,-5.563,0 108.85,-5.447,0 109.092,-5.335,0 109.555,-5.155,0 109.701,-5.108,0 110.009,-5.015,0 110.456,-4.909,0 110.897,-4.835,0 111.331,-4.79,0 111.76,-4.774,0 112.184,-4.786,0 112.602,-4.828,0 113.015,-4.898,0 113.423,-5.001,0 113.631,-5.069,0 
				</coordinates>
			</LineString>
		</Placemark>
		<Placemark>
			<name>-4</name>
			<description>-4
@EIRP 60.96 dBW 
@G/T 14.57 dB/K
Pol. Vertical</description>
			<styleUrl>#inline843</styleUrl>
			<LineString>
				<tessellate>1</tessellate>
				<coordinates>
					113.493,-5.398,0 113.798,-5.522,0 114.181,-5.719,0 114.192,-5.726,0 114.579,-5.997,0 114.633,-6.042000000000001,0 114.954,-6.36,0 114.96,-6.366,0 115.195,-6.692000000000001,0 115.31,-6.909,0 115.363,-7.018,0 115.471,-7.345,0 115.53,-7.673,0 115.539,-8.002000000000001,0 115.502,-8.332000000000001,0 115.417,-8.663,0 115.283,-8.996,0 115.098,-9.33,0 115.047,-9.401,0 114.848,-9.666,0 114.567,-9.967000000000001,0 114.529,-10.003,0 114.115,-10.344,0 114.102,-10.353,0 113.644,-10.64,0 113.553,-10.689,0 113.191,-10.862,0 112.74,-11.038,0 112.733,-11.04,0 112.292,-11.168,0 111.846,-11.262,0 111.401,-11.324,0 110.958,-11.353,0 110.516,-11.351,0 110.077,-11.316,0 109.64,-11.248,0 109.206,-11.144,0 109.124,-11.118,0 108.777,-10.996,0 108.352,-10.802,0 108.344,-10.797,0 107.936,-10.541,0 107.842,-10.471,0 107.531,-10.193,0 107.48,-10.141,0 107.22,-9.81,0 107.149,-9.686999999999999,0 107.038,-9.477,0 106.922,-9.143000000000001,0 106.864,-8.808,0 106.86,-8.558999999999999,0 106.859,-8.472,0 106.907,-8.137,0 106.94,-8.026999999999999,0 107.008,-7.800000000000001,0 107.162,-7.464,0 107.37,-7.127000000000001,0 107.56,-6.886,0 107.64,-6.789999999999999,0 107.985,-6.453,0 108.081,-6.373,0 108.424,-6.115,0 108.576,-6.015,0 108.99,-5.777,0 109.055,-5.743,0 109.522,-5.536,0 109.798,-5.437,0 109.979,-5.376,0 110.428,-5.258,0 110.871,-5.175,0 111.306,-5.125,0 111.736,-5.108,0 112.16,-5.122,0 112.578,-5.169,0 112.99,-5.248,0 113.397,-5.363,0 113.493,-5.398,0 
				</coordinates>
			</LineString>
		</Placemark>
		<Placemark>
			<name>-3</name>
			<description>-3
@EIRP 61.96 dBW 
@G/T 15.57 dB/K
Pol. Vertical</description>
			<styleUrl>#inline842</styleUrl>
			<LineString>
				<tessellate>1</tessellate>
				<coordinates>
					113.17,-5.730000000000001,0 113.363,-5.799000000000001,0 113.761,-5.989,0 113.865,-6.051,0 114.15,-6.249,0 114.299,-6.374,0 114.527,-6.611,0 114.6,-6.699000000000001,0 114.805,-7.025,0 114.88,-7.198,0 114.939,-7.352,0 115.01,-7.68,0 115.025,-8.009,0 114.986,-8.339,0 114.893,-8.670999999999999,0 114.745,-9.004,0 114.674,-9.121,0 114.529,-9.339,0 114.24,-9.676,0 114.187,-9.727,0 113.847,-10.016,0 113.721,-10.106,0 113.309,-10.359,0 113.262,-10.384,0 112.81,-10.588,0 112.46,-10.71,0 112.36,-10.742,0 111.914,-10.848,0 111.469,-10.917,0 111.027,-10.948,0 110.588,-10.944,0 110.151,-10.901,0 109.717,-10.821,0 109.536,-10.771,0 109.287,-10.695,0 108.863,-10.517,0 108.74,-10.451,0 108.448,-10.269,0 108.257,-10.125,0 108.044,-9.926,0 107.925,-9.795,0 107.695,-9.464,0 107.667,-9.403,0 107.553,-9.131,0 107.478,-8.797000000000001,0 107.464,-8.462,0 107.509,-8.125999999999999,0 107.615,-7.79,0 107.781,-7.453999999999999,0 107.992,-7.141999999999999,0 108.01,-7.117,0 108.322,-6.78,0 108.513,-6.612,0 108.728,-6.443,0 109.004,-6.258,0 109.272,-6.104000000000001,0 109.478,-6,0 109.941,-5.808,0 110.077,-5.764,0 110.393,-5.671,0 110.837,-5.576,0 111.275,-5.519,0 111.705,-5.499,0 112.129,-5.516,0 112.547,-5.57,0 112.958,-5.662,0 113.17,-5.730000000000001,0 
				</coordinates>
			</LineString>
		</Placemark>
		<Placemark>
			<name>-2</name>
			<description>-2
@EIRP 62.43 dBW 
@G/T 16.61 dB/K
Pol. Vertical</description>
			<styleUrl>#inline840</styleUrl>
			<LineString>
				<tessellate>1</tessellate>
				<coordinates>
					112.524,-6.066,0 112.915,-6.182,0 113.316,-6.356,0 113.366,-6.385000000000001,0 113.707,-6.619,0 113.811,-6.708,0 114.082,-7.011,0 114.099,-7.033999999999999,0 114.272,-7.361,0 114.372,-7.689,0 114.396,-7.964,0 114.4,-8.018000000000001,0 114.359,-8.349,0 114.351,-8.375,0 114.25,-8.680999999999999,0 114.068,-9.015000000000001,0 113.824,-9.333,0 113.807,-9.351000000000001,0 113.424,-9.69,0 113.353,-9.742000000000001,0 112.893,-10.02,0 112.864,-10.034,0 112.441,-10.208,0 111.993,-10.343,0 111.751,-10.39,0 111.549,-10.425,0 111.108,-10.46,0 110.67,-10.452,0 110.383,-10.417,0 110.236,-10.397,0 109.807,-10.289,0 109.384,-10.129,0 109.333,-10.103,0 108.971,-9.882999999999999,0 108.834,-9.776999999999999,0 108.574,-9.518000000000001,0 108.515,-9.448,0 108.321,-9.116,0 108.222,-8.824,0 108.211,-8.782999999999999,0 108.184,-8.449,0 108.227,-8.114000000000001,0 108.339,-7.779,0 108.38,-7.703,0 108.532,-7.443,0 108.807,-7.106,0 108.923,-6.995,0 109.194,-6.768000000000001,0 109.415,-6.617,0 109.745,-6.429,0 109.887,-6.360999999999999,0 110.345,-6.184999999999999,0 110.704,-6.087000000000001,0 110.794,-6.065,0 111.233,-5.998,0 111.664,-5.976,0 112.088,-5.997,0 112.506,-6.061,0 112.524,-6.066,0 
				</coordinates>
			</LineString>
		</Placemark>
		<Placemark>
			<name>-1</name>
			<description>-1
@EIRP 63.96 dBW 
@G/T 17.57 dB/K
Pol. Vertical</description>
			<styleUrl>#inline84</styleUrl>
			<LineString>
				<tessellate>1</tessellate>
				<coordinates>
					112.39,-6.726,0 112.443,-6.741,0 112.845,-6.93,0 113.019,-7.048,0 113.231,-7.248,0 113.332,-7.373000000000001,0 113.493,-7.701,0 113.551,-8.029999999999999,0 113.506,-8.362,0 113.36,-8.695,0 113.109,-9.031000000000001,0 113.016,-9.119,0 112.685,-9.371,0 112.549,-9.451000000000001,0 112.095,-9.648,0 111.836,-9.718999999999999,0 111.649,-9.763,0 111.209,-9.807,0 110.774,-9.791,0 110.512,-9.744,0 110.345,-9.708,0 109.927,-9.539999999999999,0 109.731,-9.425000000000001,0 109.522,-9.256,0 109.376,-9.097,0 109.189,-8.766,0 109.161,-8.643000000000001,0 109.127,-8.433,0 109.165,-8.099,0 109.272,-7.826,0 109.3,-7.764,0 109.56,-7.427,0 109.794,-7.215,0 109.966,-7.089,0 110.27,-6.918999999999999,0 110.69,-6.748,0 110.727,-6.735999999999999,0 111.171,-6.645000000000001,0 111.604,-6.614999999999999,0 112.028,-6.646000000000001,0 112.39,-6.726,0 
				</coordinates>
			</LineString>
		</Placemark>
		<Placemark>
			<name>Peak</name>
			<description>Peak
@EIRP 64.43 dBW 
@G/T 18.61 dB/K
Pol. Horizontal</description>
			<styleUrl>#stylemap_id6</styleUrl>
			<Point>
				<coordinates>111.445,-8.061999999999999,0</coordinates>
			</Point>
		</Placemark>
		<Placemark>
			<name>Beam3</name>
			<description>Polarization: Vertical

User Frequency:
Gateway Jakarta
- Downlink: 12.606 - 12.750 GHz
- Uplink: 14.20 - 14.34 GHz</description>
			<LookAt>
				<longitude>108.5226006725925</longitude>
				<latitude>-2.476469991755147</latitude>
				<altitude>0</altitude>
				<heading>0.2594303806261555</heading>
				<tilt>0</tilt>
				<range>3277994.26927947</range>
				<gx:altitudeMode>relativeToSeaFloor</gx:altitudeMode>
			</LookAt>
			<styleUrl>#m_ylw-pushpin001</styleUrl>
			<Point>
				<gx:drawOrder>1</gx:drawOrder>
				<coordinates>111.445,-8.061999999999999,0</coordinates>
			</Point>
		</Placemark>
	</Document>
	<Document>
		<name>Beam 4</name>
		<Style id="inline33">
			<LineStyle>
				<color>ff00c6c6</color>
				<width>3.5</width>
			</LineStyle>
		</Style>
		<Style id="inline330">
			<LineStyle>
				<color>ff00ffff</color>
				<width>3.5</width>
			</LineStyle>
		</Style>
		<Style id="inline331">
			<LineStyle>
				<color>ff00e8e8</color>
				<width>3.5</width>
			</LineStyle>
		</Style>
		<Style id="inline332">
			<LineStyle>
				<color>ff7fffff</color>
				<width>3.5</width>
			</LineStyle>
		</Style>
		<Style id="inline333">
			<LineStyle>
				<color>ff00dede</color>
				<width>3.5</width>
			</LineStyle>
		</Style>
		<Style id="inline53">
			<LineStyle>
				<color>ff7fffff</color>
				<width>3.5</width>
			</LineStyle>
		</Style>
		<Style id="inline530">
			<LineStyle>
				<color>ff00ffff</color>
				<width>3.5</width>
			</LineStyle>
		</Style>
		<Style id="inline531">
			<LineStyle>
				<color>ff00e8e8</color>
				<width>3.5</width>
			</LineStyle>
		</Style>
		<Style id="inline532">
			<LineStyle>
				<color>ff00dede</color>
				<width>3.5</width>
			</LineStyle>
		</Style>
		<Style id="inline533">
			<LineStyle>
				<color>ff00c6c6</color>
				<width>3.5</width>
			</LineStyle>
		</Style>
		<StyleMap id="inline83">
			<Pair>
				<key>normal</key>
				<styleUrl>#inline331</styleUrl>
			</Pair>
			<Pair>
				<key>highlight</key>
				<styleUrl>#inline531</styleUrl>
			</Pair>
		</StyleMap>
		<StyleMap id="inline830">
			<Pair>
				<key>normal</key>
				<styleUrl>#inline333</styleUrl>
			</Pair>
			<Pair>
				<key>highlight</key>
				<styleUrl>#inline532</styleUrl>
			</Pair>
		</StyleMap>
		<StyleMap id="inline831">
			<Pair>
				<key>normal</key>
				<styleUrl>#inline330</styleUrl>
			</Pair>
			<Pair>
				<key>highlight</key>
				<styleUrl>#inline530</styleUrl>
			</Pair>
		</StyleMap>
		<StyleMap id="inline832">
			<Pair>
				<key>normal</key>
				<styleUrl>#inline33</styleUrl>
			</Pair>
			<Pair>
				<key>highlight</key>
				<styleUrl>#inline533</styleUrl>
			</Pair>
		</StyleMap>
		<StyleMap id="inline833">
			<Pair>
				<key>normal</key>
				<styleUrl>#inline332</styleUrl>
			</Pair>
			<Pair>
				<key>highlight</key>
				<styleUrl>#inline53</styleUrl>
			</Pair>
		</StyleMap>
		<StyleMap id="m_ylw-pushpin002">
			<Pair>
				<key>normal</key>
				<styleUrl>#s_ylw-pushpin0010</styleUrl>
			</Pair>
			<Pair>
				<key>highlight</key>
				<styleUrl>#s_ylw-pushpin_hl0010</styleUrl>
			</Pair>
		</StyleMap>
		<Style id="s_ylw-pushpin0010">
			<IconStyle>
				<scale>1.1</scale>
				<Icon>
					<href>http://maps.google.com/mapfiles/kml/pushpin/ylw-pushpin.png</href>
				</Icon>
				<hotSpot x="20" y="2" xunits="pixels" yunits="pixels"/>
			</IconStyle>
		</Style>
		<Style id="s_ylw-pushpin_hl0010">
			<IconStyle>
				<scale>1.3</scale>
				<Icon>
					<href>http://maps.google.com/mapfiles/kml/pushpin/ylw-pushpin.png</href>
				</Icon>
				<hotSpot x="20" y="2" xunits="pixels" yunits="pixels"/>
			</IconStyle>
		</Style>
		<Style id="style5">
			<IconStyle>
				<Icon>
					<href>http://maps.google.com/mapfiles/kml/shapes/cross-hairs_highlight.png</href>
				</Icon>
			</IconStyle>
		</Style>
		<Style id="style6">
			<IconStyle>
				<Icon>
					<href>http://maps.google.com/mapfiles/kml/shapes/cross-hairs_highlight.png</href>
				</Icon>
			</IconStyle>
		</Style>
		<StyleMap id="stylemap_id7">
			<Pair>
				<key>normal</key>
				<styleUrl>#style6</styleUrl>
			</Pair>
			<Pair>
				<key>highlight</key>
				<styleUrl>#style5</styleUrl>
			</Pair>
		</StyleMap>
		<Placemark>
			<name>-10</name>
			<open>1</open>
			<description>-10
@EIRP 54.97 dBW 
@G/T 8.71 dB/K
Pol. Horizontal</description>
			<styleUrl>#inline833</styleUrl>
			<LineString>
				<tessellate>1</tessellate>
				<coordinates>
					121.127,-4.187,0 121.199,-4.2,0 121.561,-4.297,0 121.921,-4.425,0 122.096,-4.504,0 122.277,-4.586,0 122.63,-4.783,0 122.691,-4.822,0 122.98,-5.022,0 123.13,-5.142,0 123.326,-5.313,0 123.478,-5.462,0 123.667,-5.669,0 123.762,-5.783000000000001,0 123.994,-6.104000000000001,0 124.001,-6.114,0 124.188,-6.426,0 124.324,-6.706,0 124.344,-6.748,0 124.472,-7.071,0 124.57,-7.393999999999999,0 124.624,-7.634,0 124.643,-7.717,0 124.693,-8.042,0 124.72,-8.367000000000001,0 124.724,-8.692,0 124.706,-9.018000000000001,0 124.666,-9.345000000000001,0 124.604,-9.673,0 124.518,-10.002,0 124.425,-10.275,0 124.406,-10.331,0 124.272,-10.662,0 124.108,-10.993,0 123.978,-11.215,0 123.912,-11.326,0 123.681,-11.66,0 123.554,-11.822,0 123.409,-11.996,0 123.138,-12.283,0 123.087,-12.333,0 122.727,-12.654,0 122.704,-12.672,0 122.32,-12.959,0 122.235,-13.015,0 121.915,-13.213,0 121.637,-13.36,0 121.513,-13.424,0 121.112,-13.6,0 120.792,-13.713,0 120.713,-13.741,0 120.315,-13.855,0 119.918,-13.94,0 119.523,-13.998,0 119.13,-14.032,0 118.738,-14.041,0 118.348,-14.026,0 117.96,-13.986,0 117.574,-13.919,0 117.191,-13.823,0 117.099,-13.793,0 116.81,-13.699,0 116.433,-13.541,0 116.303,-13.473,0 116.061,-13.344,0 115.762,-13.148,0 115.695,-13.101,0 115.355,-12.82,0 115.336,-12.803,0 115.036,-12.49,0 114.986,-12.431,0 114.78,-12.159,0 114.65,-11.956,0 114.574,-11.828,0 114.409,-11.496,0 114.337,-11.312,0 114.28,-11.164,0 114.182,-10.831,0 114.113,-10.499,0 114.079,-10.234,0 114.07,-10.166,0 114.05,-9.834,0 114.055,-9.500999999999999,0 114.083,-9.169,0 114.134,-8.837,0 114.208,-8.505000000000001,0 114.306,-8.173,0 114.348,-8.058999999999999,0 114.426,-7.841,0 114.571,-7.51,0 114.743,-7.178,0 114.862,-6.981999999999999,0 114.945,-6.847,0 115.177,-6.516000000000001,0 115.322,-6.336,0 115.447,-6.185999999999999,0 115.759,-5.855,0 115.759,-5.855,0 116.123,-5.525,0 116.183,-5.475,0 116.554,-5.194,0 116.597,-5.164,0 117.004,-4.906,0 117.08,-4.864,0 117.405,-4.692,0 117.76,-4.534,0 117.801,-4.516,0 118.192,-4.371,0 118.579,-4.257,0 118.831,-4.202,0 118.963,-4.172,0 119.343,-4.111,0 119.72,-4.077,0 120.094,-4.068,0 120.465,-4.086,0 120.833,-4.13,0 121.127,-4.187,0 
				</coordinates>
			</LineString>
		</Placemark>
		<Placemark>
			<name>-9</name>
			<open>1</open>
			<description>-9
@EIRP 55.97 dBW 
@G/T 9.71 dB/K
Pol. Horizontal</description>
			<styleUrl>#inline833</styleUrl>
			<LineString>
				<tessellate>1</tessellate>
				<coordinates>
					121.492,-4.508,0 121.551,-4.525,0 121.91,-4.659,0 122.258,-4.825,0 122.266,-4.829,0 122.619,-5.038,0 122.77,-5.145,0 122.968,-5.295,0 123.161,-5.465,0 123.312,-5.61,0 123.474,-5.785,0 123.65,-6.001999999999999,0 123.728,-6.106,0 123.935,-6.428,0 123.979,-6.509000000000001,0 124.104,-6.75,0 124.239,-7.073,0 124.293,-7.235000000000001,0 124.345,-7.396,0 124.424,-7.72,0 124.476,-8.044,0 124.504,-8.369,0 124.509,-8.695,0 124.49,-9.021000000000001,0 124.449,-9.348000000000001,0 124.384,-9.676,0 124.295,-10.005,0 124.18,-10.334,0 124.035,-10.665,0 124.029,-10.677,0 123.863,-10.997,0 123.656,-11.33,0 123.595,-11.415,0 123.41,-11.664,0 123.176,-11.938,0 123.118,-12,0 122.77,-12.338,0 122.763,-12.345,0 122.354,-12.675,0 122.349,-12.679,0 121.949,-12.946,0 121.817,-13.022,0 121.546,-13.171,0 121.145,-13.355,0 121.102,-13.371,0 120.745,-13.505,0 120.348,-13.623,0 119.952,-13.71,0 119.801,-13.733,0 119.557,-13.772,0 119.164,-13.807,0 118.773,-13.816,0 118.384,-13.799,0 118.13,-13.77,0 117.997,-13.755,0 117.612,-13.685,0 117.23,-13.585,0 116.876,-13.46,0 116.851,-13.451,0 116.476,-13.284,0 116.216,-13.138,0 116.106,-13.073,0 115.743,-12.811,0 115.743,-12.811,0 115.387,-12.487,0 115.383,-12.483,0 115.1,-12.153,0 115.043,-12.075,0 114.874,-11.822,0 114.716,-11.534,0 114.694,-11.49,0 114.552,-11.158,0 114.446,-10.826,0 114.423,-10.728,0 114.369,-10.494,0 114.319,-10.162,0 114.297,-9.83,0 114.299,-9.497,0 114.326,-9.164999999999999,0 114.376,-8.833,0 114.451,-8.500999999999999,0 114.549,-8.169,0 114.673,-7.838000000000001,0 114.809,-7.541000000000001,0 114.825,-7.506,0 115.003,-7.175,0 115.213,-6.843999999999999,0 115.288,-6.741,0 115.457,-6.513,0 115.733,-6.192,0 115.742,-6.182,0 116.075,-5.852000000000001,0 116.162,-5.772999999999999,0 116.468,-5.521,0 116.579,-5.437,0 116.942,-5.191,0 116.989,-5.161,0 117.391,-4.935,0 117.546,-4.86,0 117.788,-4.748,0 118.18,-4.597,0 118.403,-4.529,0 118.569,-4.478,0 118.953,-4.388,0 119.333,-4.326,0 119.711,-4.292,0 120.085,-4.283,0 120.456,-4.302,0 120.824,-4.347,0 121.189,-4.421,0 121.492,-4.508,0 
				</coordinates>
			</LineString>
		</Placemark>
		<Placemark>
			<name>-8</name>
			<open>1</open>
			<description>-8
@EIRP 56.97 dBW 
@G/T 10.71 dB/K
Pol. Horizontal</description>
			<styleUrl>#inline833</styleUrl>
			<LineString>
				<tessellate>1</tessellate>
				<coordinates>
					121.686,-4.829,0 121.899,-4.915,0 122.254,-5.097,0 122.337,-5.148,0 122.605,-5.322,0 122.794,-5.467,0 122.952,-5.601,0 123.146,-5.788,0 123.294,-5.948,0 123.427,-6.109,0 123.629,-6.391,0 123.654,-6.429999999999999,0 123.837,-6.752000000000001,0 123.951,-7.001,0 123.983,-7.075,0 124.098,-7.398,0 124.181,-7.722,0 124.237,-8.045999999999999,0 124.239,-8.065,0 124.269,-8.371,0 124.275,-8.696999999999999,0 124.257,-9.023999999999999,0 124.213,-9.351000000000001,0 124.144,-9.679,0 124.105,-9.816000000000001,0 124.05,-10.008,0 123.929,-10.338,0 123.777,-10.669,0 123.645,-10.908,0 123.593,-11.001,0 123.372,-11.334,0 123.219,-11.533,0 123.107,-11.669,0 122.802,-11.994,0 122.791,-12.006,0 122.407,-12.345,0 122.392,-12.357,0 121.985,-12.65,0 121.928,-12.686,0 121.582,-12.891,0 121.297,-13.032,0 121.18,-13.088,0 120.781,-13.247,0 120.383,-13.37,0 120.312,-13.387,0 119.987,-13.463,0 119.593,-13.528,0 119.201,-13.564,0 118.81,-13.572,0 118.422,-13.554,0 118.036,-13.507,0 117.708,-13.442,0 117.652,-13.431,0 117.271,-13.324,0 116.894,-13.182,0 116.775,-13.125,0 116.522,-13,0 116.198,-12.801,0 116.155,-12.772,0 115.795,-12.487,0 115.78,-12.474,0 115.459,-12.145,0 115.444,-12.127,0 115.207,-11.815,0 115.108,-11.657,0 115.008,-11.484,0 114.852,-11.152,0 114.796,-10.997,0 114.734,-10.821,0 114.648,-10.489,0 114.593,-10.157,0 114.567,-9.824999999999999,0 114.567,-9.673,0 114.566,-9.493,0 114.59,-9.161,0 114.641,-8.829000000000001,0 114.7,-8.571,0 114.717,-8.497,0 114.817,-8.164999999999999,0 114.945,-7.834,0 115.101,-7.502,0 115.241,-7.254,0 115.289,-7.171,0 115.509,-6.84,0 115.701,-6.592000000000001,0 115.768,-6.509000000000001,0 116.072,-6.178999999999999,0 116.137,-6.115,0 116.433,-5.848,0 116.558,-5.745,0 116.866,-5.518,0 116.97,-5.446,0 117.375,-5.203,0 117.406,-5.187,0 117.774,-5.005,0 118.141,-4.856,0 118.167,-4.845,0 118.556,-4.719,0 118.941,-4.625,0 119.322,-4.562,0 119.7,-4.526,0 120.074,-4.518,0 120.445,-4.538,0 120.813,-4.585,0 121.178,-4.662,0 121.54,-4.772,0 121.686,-4.829,0 
				</coordinates>
			</LineString>
		</Placemark>
		<Placemark>
			<name>-7</name>
			<open>1</open>
			<description>-7
@EIRP 57.97 dBW 
@G/T 11.71 dB/K
Pol. Horizontal</description>
			<styleUrl>#inline833</styleUrl>
			<LineString>
				<tessellate>1</tessellate>
				<coordinates>
					120.73,-4.836,0 120.801,-4.846,0 121.166,-4.928,0 121.527,-5.045,0 121.778,-5.152,0 121.885,-5.2,0 122.239,-5.396,0 122.352,-5.471,0 122.589,-5.642,0 122.765,-5.791000000000001,0 122.934,-5.951,0 123.084,-6.112,0 123.272,-6.345,0 123.337,-6.433,0 123.538,-6.755,0 123.6,-6.875000000000001,0 123.698,-7.078,0 123.822,-7.400999999999999,0 123.906,-7.698999999999999,0 123.914,-7.725,0 123.976,-8.048999999999999,0 124.01,-8.374000000000001,0 124.017,-8.699999999999999,0 123.998,-9.026999999999999,0 123.953,-9.353999999999999,0 123.881,-9.682,0 123.781,-10.011,0 123.712,-10.188,0 123.651,-10.341,0 123.49,-10.673,0 123.292,-11.005,0 123.269,-11.039,0 123.052,-11.339,0 122.847,-11.583,0 122.763,-11.675,0 122.433,-11.994,0 122.413,-12.012,0 122.025,-12.318,0 121.976,-12.352,0 121.62,-12.58,0 121.406,-12.696,0 121.218,-12.792,0 120.819,-12.962,0 120.566,-13.046,0 120.421,-13.094,0 120.026,-13.192,0 119.632,-13.26,0 119.24,-13.297,0 118.85,-13.306,0 118.463,-13.285,0 118.078,-13.235,0 117.695,-13.153,0 117.548,-13.108,0 117.316,-13.037,0 116.942,-12.883,0 116.76,-12.789,0 116.572,-12.685,0 116.246,-12.464,0 116.208,-12.435,0 115.871,-12.136,0 115.852,-12.117,0 115.584,-11.807,0 115.509,-11.704,0 115.359,-11.477,0 115.185,-11.146,0 115.184,-11.144,0 115.053,-10.815,0 114.957,-10.483,0 114.905,-10.212,0 114.894,-10.151,0 114.861,-9.82,0 114.856,-9.488,0 114.879,-9.156000000000001,0 114.929,-8.824,0 115.006,-8.493,0 115.111,-8.161,0 115.165,-8.026,0 115.244,-7.829999999999999,0 115.408,-7.498,0 115.605,-7.167,0 115.658,-7.09,0 115.84,-6.836,0 116.105,-6.518,0 116.116,-6.506,0 116.448,-6.175,0 116.533,-6.098,0 116.846,-5.844000000000001,0 116.949,-5.768,0 117.339,-5.513,0 117.356,-5.503,0 117.757,-5.29,0 118.003,-5.182,0 118.152,-5.119,0 118.542,-4.985,0 118.927,-4.886,0 119.145,-4.848,0 119.309,-4.819,0 119.687,-4.781,0 120.062,-4.772,0 120.433,-4.794,0 120.73,-4.836,0 
				</coordinates>
			</LineString>
		</Placemark>
		<Placemark>
			<name>-6</name>
			<open>1</open>
			<description>-6
@EIRP 58.97 dBW 
@G/T 12.71 dB/K
Pol. Horizontal</description>
			<styleUrl>#inline833</styleUrl>
			<LineString>
				<tessellate>1</tessellate>
				<coordinates>
					120.888,-5.159,0 121.151,-5.223,0 121.512,-5.35,0 121.782,-5.475,0 121.869,-5.518,0 122.221,-5.734,0 122.304,-5.795,0 122.569,-6.009,0 122.681,-6.115,0 122.911,-6.361999999999999,0 122.972,-6.436,0 123.199,-6.758,0 123.243,-6.834,0 123.377,-7.081,0 123.514,-7.404,0 123.558,-7.542,0 123.615,-7.728,0 123.683,-8.052,0 123.721,-8.378,0 123.73,-8.702999999999999,0 123.711,-9.029999999999999,0 123.663,-9.358000000000001,0 123.587,-9.686,0 123.481,-10.015,0 123.342,-10.346,0 123.334,-10.362,0 123.166,-10.677,0 122.952,-11.01,0 122.899,-11.081,0 122.687,-11.345,0 122.48,-11.568,0 122.364,-11.681,0 122.069,-11.937,0 121.961,-12.02,0 121.663,-12.228,0 121.438,-12.362,0 121.26,-12.461,0 120.86,-12.645,0 120.683,-12.709,0 120.462,-12.787,0 120.067,-12.893,0 119.673,-12.964,0 119.282,-13.004,0 118.893,-13.012,0 118.507,-12.989,0 118.123,-12.934,0 117.742,-12.845,0 117.524,-12.773,0 117.365,-12.718,0 116.993,-12.549,0 116.823,-12.452,0 116.626,-12.329,0 116.358,-12.126,0 116.267,-12.048,0 116.018,-11.798,0 115.918,-11.681,0 115.758,-11.469,0 115.585,-11.186,0 115.559,-11.139,0 115.409,-10.808,0 115.3,-10.477,0 115.286,-10.415,0 115.227,-10.145,0 115.188,-9.814,0 115.179,-9.481999999999999,0 115.199,-9.151,0 115.249,-8.819000000000001,0 115.328,-8.488,0 115.436,-8.156000000000001,0 115.575,-7.825,0 115.591,-7.794,0 115.75,-7.494000000000001,0 115.96,-7.163,0 116.062,-7.024,0 116.213,-6.832,0 116.501,-6.516000000000001,0 116.515,-6.501000000000001,0 116.884,-6.17,0 116.922,-6.139,0 117.334,-5.844000000000001,0 117.341,-5.839,0 117.737,-5.611,0 117.952,-5.508,0 118.133,-5.425,0 118.525,-5.282,0 118.911,-5.175,0 118.916,-5.174,0 119.294,-5.103,0 119.672,-5.063,0 120.047,-5.055,0 120.419,-5.078,0 120.786,-5.134,0 120.888,-5.159,0 
				</coordinates>
			</LineString>
		</Placemark>
		<Placemark>
			<name>-5</name>
			<description>-5
@EIRP 59.97 dBW 
@G/T 13.71 dB/K
Pol. Horizontal</description>
			<styleUrl>#inline831</styleUrl>
			<LineString>
				<tessellate>1</tessellate>
				<coordinates>
					120.868,-5.483,0 121.133,-5.555,0 121.493,-5.695,0 121.699,-5.8,0 121.849,-5.882,0 122.192,-6.119,0 122.2,-6.125999999999999,0 122.541,-6.440000000000001,0 122.544,-6.444,0 122.804,-6.762,0 122.88,-6.875000000000001,0 123.007,-7.085,0 123.163,-7.408,0 123.2,-7.507999999999999,0 123.277,-7.731000000000001,0 123.353,-8.055999999999999,0 123.397,-8.381,0 123.409,-8.707000000000001,0 123.389,-9.034000000000001,0 123.339,-9.362,0 123.257,-9.69,0 123.142,-10.02,0 122.991,-10.351,0 122.966,-10.395,0 122.797,-10.683,0 122.559,-11.016,0 122.536,-11.045,0 122.26,-11.352,0 122.12,-11.487,0 121.884,-11.689,0 121.71,-11.822,0 121.395,-12.03,0 121.306,-12.084,0 120.905,-12.287,0 120.685,-12.376,0 120.507,-12.443,0 120.111,-12.558,0 119.718,-12.635,0 119.328,-12.678,0 118.94,-12.685,0 118.554,-12.659,0 118.172,-12.598,0 117.793,-12.499,0 117.619,-12.435,0 117.419,-12.357,0 117.049,-12.168,0 116.964,-12.114,0 116.687,-11.918,0 116.535,-11.788,0 116.334,-11.589,0 116.222,-11.46,0 115.995,-11.144,0 115.986,-11.13,0 115.814,-10.8,0 115.685,-10.47,0 115.684,-10.465,0 115.601,-10.139,0 115.553,-9.808,0 115.538,-9.476000000000001,0 115.556,-9.145,0 115.606,-8.814,0 115.687,-8.481999999999999,0 115.801,-8.151,0 115.949,-7.82,0 115.997,-7.732000000000001,0 116.136,-7.489,0 116.365,-7.157999999999999,0 116.457,-7.042999999999999,0 116.645,-6.827,0 116.888,-6.584000000000001,0 116.987,-6.496,0 117.305,-6.242,0 117.417,-6.165000000000001,0 117.712,-5.979,0 117.989,-5.833,0 118.111,-5.772999999999999,0 118.504,-5.615,0 118.891,-5.499,0 118.892,-5.499,0 119.276,-5.421,0 119.655,-5.379,0 120.03,-5.37,0 120.402,-5.396,0 120.769,-5.457,0 120.868,-5.483,0 
				</coordinates>
			</LineString>
		</Placemark>
		<Placemark>
			<name>-4</name>
			<description>-4
@EIRP 60.97 dBW 
@G/T 14.71 dB/K
Pol. Horizontal</description>
			<styleUrl>#inline831</styleUrl>
			<LineString>
				<tessellate>1</tessellate>
				<coordinates>
					120.666,-5.808,0 120.748,-5.824,0 121.111,-5.936,0 121.47,-6.094,0 121.526,-6.124999999999999,0 121.824,-6.312,0 121.995,-6.445,0 122.171,-6.602,0 122.326,-6.767,0 122.51,-6.999,0 122.572,-7.089,0 122.753,-7.412,0 122.832,-7.597,0 122.886,-7.736,0 122.974,-8.06,0 123.026,-8.385999999999999,0 123.042,-8.712,0 123.022,-9.039,0 122.968,-9.367000000000001,0 122.878,-9.695,0 122.752,-10.025,0 122.608,-10.311,0 122.584,-10.357,0 122.364,-10.689,0 122.18,-10.92,0 122.088,-11.024,0 121.765,-11.336,0 121.736,-11.36,0 121.358,-11.641,0 121.264,-11.7,0 120.955,-11.874,0 120.572,-12.044,0 120.556,-12.051,0 120.161,-12.177,0 119.768,-12.262,0 119.378,-12.308,0 118.991,-12.316,0 118.607,-12.285,0 118.226,-12.216,0 117.85,-12.104,0 117.83,-12.096,0 117.479,-11.941,0 117.196,-11.775,0 117.114,-11.72,0 116.783,-11.449,0 116.757,-11.424,0 116.495,-11.121,0 116.415,-11.007,0 116.284,-10.791,0 116.13,-10.462,0 116.099,-10.369,0 116.028,-10.131,0 115.968,-9.801,0 115.946,-9.470000000000001,0 115.96,-9.138999999999999,0 116.01,-8.808,0 116.096,-8.476000000000001,0 116.217,-8.145,0 116.376,-7.813999999999999,0 116.389,-7.793000000000001,0 116.584,-7.483,0 116.837,-7.152,0 116.842,-7.147,0 117.161,-6.821000000000001,0 117.268,-6.725,0 117.57,-6.49,0 117.681,-6.413,0 118.084,-6.176,0 118.122,-6.158000000000001,0 118.479,-5.999,0 118.869,-5.869,0 119.072,-5.823,0 119.254,-5.783000000000001,0 119.634,-5.736000000000001,0 120.009,-5.727,0 120.381,-5.756,0 120.666,-5.808,0 
				</coordinates>
			</LineString>
		</Placemark>
		<Placemark>
			<name>-3</name>
			<description>-3
@EIRP 61.97 dBW 
@G/T 15.71 dB/K
Pol. Horizontal</description>
			<styleUrl>#inline83</styleUrl>
			<LineString>
				<tessellate>1</tessellate>
				<coordinates>
					121.217,-6.453,0 121.44,-6.578000000000001,0 121.706,-6.773,0 121.79,-6.843999999999999,0 122.028,-7.094,0 122.13,-7.225999999999999,0 122.257,-7.417000000000001,0 122.421,-7.741,0 122.452,-7.828999999999999,0 122.528,-8.065,0 122.59,-8.391,0 122.611,-8.717000000000001,0 122.592,-9.044,0 122.533,-9.372,0 122.433,-9.701000000000001,0 122.29,-10.032,0 122.263,-10.081,0 122.091,-10.364,0 121.836,-10.697,0 121.833,-10.701,0 121.492,-11.033,0 121.419,-11.095,0 121.026,-11.372,0 121.013,-11.38,0 120.613,-11.584,0 120.262,-11.717,0 120.216,-11.733,0 119.823,-11.829,0 119.434,-11.88,0 119.048,-11.887,0 118.665,-11.851,0 118.287,-11.77,0 118.239,-11.754,0 117.914,-11.635,0 117.547,-11.442,0 117.535,-11.434,0 117.189,-11.165,0 117.131,-11.109,0 116.85,-10.781,0 116.845,-10.773,0 116.661,-10.452,0 116.529,-10.129,0 116.527,-10.123,0 116.452,-9.792,0 116.42,-9.462,0 116.43,-9.131,0 116.48,-8.800000000000001,0 116.571,-8.470000000000001,0 116.703,-8.138999999999999,0 116.761,-8.026999999999999,0 116.885,-7.806999999999999,0 117.12,-7.476,0 117.215,-7.366,0 117.427,-7.145,0 117.638,-6.957,0 117.829,-6.813000000000001,0 118.048,-6.666999999999999,0 118.392,-6.481,0 118.448,-6.454000000000001,0 118.84,-6.306,0 119.226,-6.206,0 119.608,-6.151,0 119.984,-6.142000000000001,0 120.355,-6.177,0 120.722,-6.258,0 121.084,-6.387,0 121.217,-6.453,0 
				</coordinates>
			</LineString>
		</Placemark>
		<Placemark>
			<name>-2</name>
			<description>-2
@EIRP 62.97 dBW 
@G/T 16.71 dB/K
Pol. Horizontal</description>
			<styleUrl>#inline830</styleUrl>
			<LineString>
				<tessellate>1</tessellate>
				<coordinates>
					120.669,-6.782999999999999,0 120.687,-6.788,0 121.046,-6.958,0 121.261,-7.102,0 121.397,-7.212,0 121.602,-7.424,0 121.737,-7.603,0 121.826,-7.747,0 121.97,-8.071999999999999,0 122.047,-8.353999999999999,0 122.057,-8.397,0 122.086,-8.723000000000001,0 122.067,-9.051,0 122.001,-9.379,0 121.945,-9.542,0 121.883,-9.709,0 121.704,-10.04,0 121.5,-10.325,0 121.46,-10.373,0 121.114,-10.709,0 121.085,-10.733,0 120.68,-11.002,0 120.588,-11.048,0 120.282,-11.183,0 119.888,-11.301,0 119.499,-11.363,0 119.114,-11.37,0 118.734,-11.322,0 118.359,-11.217,0 118.077,-11.091,0 117.991,-11.047,0 117.633,-10.785,0 117.614,-10.767,0 117.334,-10.44,0 117.291,-10.372,0 117.155,-10.112,0 117.044,-9.782999999999999,0 116.999,-9.51,0 116.991,-9.452999999999999,0 116.994,-9.122999999999999,0 117.045,-8.792,0 117.095,-8.624000000000001,0 117.147,-8.461,0 117.306,-8.130000000000001,0 117.52,-7.799,0 117.572,-7.736,0 117.822,-7.468,0 117.996,-7.314,0 118.242,-7.135,0 118.404,-7.033999999999999,0 118.801,-6.842999999999999,0 118.927,-6.801,0 119.19,-6.723,0 119.573,-6.659999999999999,0 119.95,-6.649,0 120.321,-6.692000000000001,0 120.669,-6.782999999999999,0 
				</coordinates>
			</LineString>
		</Placemark>
		<Placemark>
			<name>-1</name>
			<description>-1
@EIRP 63.97 dBW 
@G/T 17.71 dB/K
Pol. Horizontal</description>
			<styleUrl>#inline832</styleUrl>
			<LineString>
				<tessellate>1</tessellate>
				<coordinates>
					120.411,-7.437,0 120.632,-7.539000000000001,0 120.931,-7.757,0 120.983,-7.81,0 121.18,-8.081,0 121.309,-8.362,0 121.325,-8.406000000000001,0 121.376,-8.731999999999999,0 121.36,-9.06,0 121.277,-9.388999999999999,0 121.204,-9.552,0 121.115,-9.720000000000001,0 120.854,-10.053,0 120.773,-10.131,0 120.426,-10.389,0 120.366,-10.425,0 119.97,-10.59,0 119.58,-10.674,0 119.197,-10.68,0 118.821,-10.607,0 118.453,-10.453,0 118.406,-10.422,0 118.099,-10.161,0 118.045,-10.097,0 117.855,-9.769,0 117.781,-9.534000000000001,0 117.758,-9.441000000000001,0 117.745,-9.111000000000001,0 117.799,-8.781000000000001,0 117.883,-8.550000000000001,0 117.925,-8.449999999999999,0 118.142,-8.119,0 118.33,-7.91,0 118.472,-7.787,0 118.74,-7.603,0 119.056,-7.453,0 119.137,-7.421,0 119.522,-7.336,0 119.9,-7.324,0 120.271,-7.385,0 120.411,-7.437,0 
				</coordinates>
			</LineString>
		</Placemark>
		<Placemark>
			<name>Peak</name>
			<description>Peak
@EIRP 64.97 dBW 
@G/T 18.71 dB/K
Pol. Horizontal</description>
			<styleUrl>#stylemap_id7</styleUrl>
			<Point>
				<coordinates>119.748,-9.081999999999999,0</coordinates>
			</Point>
		</Placemark>
		<Placemark>
			<name>Beam4</name>
			<description>Polarization: Horizontal

User Frequency:
Gateway Jakarta
- Downlink: 12.45 - 12.594 GHz
- Uplink: 14.20 - 14.34 GHz</description>
			<LookAt>
				<longitude>108.5226006725925</longitude>
				<latitude>-2.476469991755147</latitude>
				<altitude>0</altitude>
				<heading>0.2594303806261555</heading>
				<tilt>0</tilt>
				<range>3277994.26927947</range>
				<gx:altitudeMode>relativeToSeaFloor</gx:altitudeMode>
			</LookAt>
			<styleUrl>#m_ylw-pushpin002</styleUrl>
			<Point>
				<gx:drawOrder>1</gx:drawOrder>
				<coordinates>119.748,-9.082000000000001,0</coordinates>
			</Point>
		</Placemark>
	</Document>
	<Document>
		<name>Beam 5</name>
		<Style id="inline32">
			<LineStyle>
				<color>ff00e8e8</color>
				<width>3.5</width>
			</LineStyle>
		</Style>
		<Style id="inline320">
			<LineStyle>
				<color>ff00ffff</color>
				<width>3.5</width>
			</LineStyle>
		</Style>
		<Style id="inline321">
			<LineStyle>
				<color>ff7fffff</color>
				<width>3.5</width>
			</LineStyle>
		</Style>
		<Style id="inline322">
			<LineStyle>
				<color>ff00dede</color>
				<width>3.5</width>
			</LineStyle>
		</Style>
		<Style id="inline323">
			<LineStyle>
				<color>ff00c6c6</color>
				<width>3.5</width>
			</LineStyle>
		</Style>
		<Style id="inline52">
			<LineStyle>
				<color>ff00c6c6</color>
				<width>3.5</width>
			</LineStyle>
		</Style>
		<Style id="inline520">
			<LineStyle>
				<color>ff00ffff</color>
				<width>3.5</width>
			</LineStyle>
		</Style>
		<Style id="inline521">
			<LineStyle>
				<color>ff00e8e8</color>
				<width>3.5</width>
			</LineStyle>
		</Style>
		<Style id="inline522">
			<LineStyle>
				<color>ff00dede</color>
				<width>3.5</width>
			</LineStyle>
		</Style>
		<Style id="inline523">
			<LineStyle>
				<color>ff7fffff</color>
				<width>3.5</width>
			</LineStyle>
		</Style>
		<StyleMap id="inline82">
			<Pair>
				<key>normal</key>
				<styleUrl>#inline323</styleUrl>
			</Pair>
			<Pair>
				<key>highlight</key>
				<styleUrl>#inline52</styleUrl>
			</Pair>
		</StyleMap>
		<StyleMap id="inline820">
			<Pair>
				<key>normal</key>
				<styleUrl>#inline32</styleUrl>
			</Pair>
			<Pair>
				<key>highlight</key>
				<styleUrl>#inline521</styleUrl>
			</Pair>
		</StyleMap>
		<StyleMap id="inline821">
			<Pair>
				<key>normal</key>
				<styleUrl>#inline320</styleUrl>
			</Pair>
			<Pair>
				<key>highlight</key>
				<styleUrl>#inline520</styleUrl>
			</Pair>
		</StyleMap>
		<StyleMap id="inline822">
			<Pair>
				<key>normal</key>
				<styleUrl>#inline322</styleUrl>
			</Pair>
			<Pair>
				<key>highlight</key>
				<styleUrl>#inline522</styleUrl>
			</Pair>
		</StyleMap>
		<StyleMap id="inline823">
			<Pair>
				<key>normal</key>
				<styleUrl>#inline321</styleUrl>
			</Pair>
			<Pair>
				<key>highlight</key>
				<styleUrl>#inline523</styleUrl>
			</Pair>
		</StyleMap>
		<StyleMap id="m_ylw-pushpin003">
			<Pair>
				<key>normal</key>
				<styleUrl>#s_ylw-pushpin002</styleUrl>
			</Pair>
			<Pair>
				<key>highlight</key>
				<styleUrl>#s_ylw-pushpin_hl002</styleUrl>
			</Pair>
		</StyleMap>
		<Style id="s_ylw-pushpin002">
			<IconStyle>
				<scale>1.1</scale>
				<Icon>
					<href>http://maps.google.com/mapfiles/kml/pushpin/ylw-pushpin.png</href>
				</Icon>
				<hotSpot x="20" y="2" xunits="pixels" yunits="pixels"/>
			</IconStyle>
		</Style>
		<Style id="s_ylw-pushpin_hl002">
			<IconStyle>
				<scale>1.3</scale>
				<Icon>
					<href>http://maps.google.com/mapfiles/kml/pushpin/ylw-pushpin.png</href>
				</Icon>
				<hotSpot x="20" y="2" xunits="pixels" yunits="pixels"/>
			</IconStyle>
		</Style>
		<Style id="style7">
			<IconStyle>
				<Icon>
					<href>http://maps.google.com/mapfiles/kml/shapes/cross-hairs_highlight.png</href>
				</Icon>
			</IconStyle>
		</Style>
		<Style id="style8">
			<IconStyle>
				<Icon>
					<href>http://maps.google.com/mapfiles/kml/shapes/cross-hairs_highlight.png</href>
				</Icon>
			</IconStyle>
		</Style>
		<StyleMap id="stylemap_id8">
			<Pair>
				<key>normal</key>
				<styleUrl>#style8</styleUrl>
			</Pair>
			<Pair>
				<key>highlight</key>
				<styleUrl>#style7</styleUrl>
			</Pair>
		</StyleMap>
		<Placemark>
			<name>-10</name>
			<description>-10
@EIRP 54.22 dBW 
@G/T 9.34 dB/K
Pol. Vertical</description>
			<styleUrl>#inline823</styleUrl>
			<LineString>
				<tessellate>1</tessellate>
				<coordinates>
					123.181,2.716,0 123.453,2.651,0 123.812,2.54,0 124.169,2.399,0 124.185,2.392,0 124.526,2.23,0 124.806,2.069,0 124.881,2.024,0 125.235,1.777,0 125.272,1.748,0 125.588,1.477,0 125.641,1.427,0 125.939,1.11,0 125.941,1.107,0 126.19,0.787,0 126.289,0.635,0 126.393,0.4680000000000001,0 126.558,0.148,0 126.635,-0.04,0 126.689,-0.171,0 126.789,-0.49,0 126.858,-0.8090000000000001,0 126.9,-1.129,0 126.914,-1.448,0 126.902,-1.767,0 126.863,-2.087,0 126.797,-2.406,0 126.701,-2.726,0 126.602,-2.976,0 126.574,-3.047,0 126.416,-3.367999999999999,0 126.239,-3.656000000000001,0 126.218,-3.689,0 125.979,-4.01,0 125.878,-4.128,0 125.688,-4.333,0 125.516,-4.496,0 125.332,-4.656,0 125.155,-4.795,0 124.887,-4.98,0 124.793,-5.041,0 124.431,-5.244,0 124.299,-5.306,0 124.069,-5.411,0 123.706,-5.546,0 123.396,-5.635999999999999,0 123.343,-5.650999999999999,0 122.979,-5.732,0 122.615,-5.787,0 122.251,-5.817,0 121.886,-5.825,0 121.521,-5.809,0 121.155,-5.771,0 120.79,-5.708,0 120.581,-5.659000000000001,0 120.423,-5.622,0 120.057,-5.51,0 119.69,-5.37,0 119.629,-5.342,0 119.324,-5.2,0 119.006,-5.023,0 118.957,-4.993,0 118.59,-4.746,0 118.532,-4.702,0 118.224,-4.446,0 118.152,-4.38,0 117.858,-4.075,0 117.843,-4.058,0 117.589,-3.734999999999999,0 117.494,-3.59,0 117.382,-3.412,0 117.217,-3.088,0 117.134,-2.881,0 117.087,-2.764,0 116.991,-2.441,0 116.927,-2.117,0 116.893,-1.793,0 116.889,-1.469,0 116.913,-1.145,0 116.967,-0.8210000000000001,0 117.051,-0.4969999999999999,0 117.167,-0.173,0 117.183,-0.137,0 117.312,0.15,0 117.495,0.4739999999999999,0 117.568,0.583,0 117.715,0.797,0 117.947,1.08,0 117.981,1.12,0 118.299,1.443,0 118.323,1.465,0 118.684,1.765,0 118.698,1.775,0 119.071,2.032,0 119.163,2.086,0 119.442,2.245,0 119.787,2.407,0 119.812,2.418,0 120.181,2.561,0 120.548,2.672,0 120.785,2.725,0 120.915,2.755,0 121.281,2.814,0 121.645,2.846,0 122.009,2.855,0 122.372,2.84,0 122.733,2.8,0 123.094,2.737,0 123.181,2.716,0 
				</coordinates>
			</LineString>
		</Placemark>
		<Placemark>
			<name>-9</name>
			<description>-9
@EIRP 55.22 dBW 
@G/T 10.34 dB/K
Pol. Vertical</description>
			<styleUrl>#inline823</styleUrl>
			<LineString>
				<tessellate>1</tessellate>
				<coordinates>
					123.661,2.393,0 123.816,2.342,0 124.173,2.196,0 124.425,2.07,0 124.53,2.016,0 124.885,1.797,0 124.954,1.749,0 125.238,1.532,0 125.359,1.428,0 125.591,1.205,0 125.684,1.108,0 125.941,0.795,0 125.947,0.788,0 126.163,0.4680000000000001,0 126.29,0.236,0 126.336,0.148,0 126.475,-0.171,0 126.578,-0.49,0 126.633,-0.733,0 126.65,-0.8090000000000001,0 126.695,-1.129,0 126.711,-1.448,0 126.698,-1.768,0 126.656,-2.087,0 126.616,-2.273,0 126.587,-2.407,0 126.488,-2.727,0 126.355,-3.048,0 126.25,-3.25,0 126.187,-3.367999999999999,0 125.979,-3.69,0 125.888,-3.81,0 125.723,-4.012,0 125.526,-4.221,0 125.409,-4.334,0 125.164,-4.546,0 125.019,-4.658,0 124.803,-4.81,0 124.517,-4.983,0 124.441,-5.027,0 124.078,-5.203,0 123.808,-5.31,0 123.716,-5.345,0 123.353,-5.458,0 122.989,-5.541,0 122.625,-5.597,0 122.261,-5.63,0 121.896,-5.638,0 121.531,-5.623,0 121.166,-5.584,0 120.8,-5.52,0 120.434,-5.43,0 120.148,-5.338,0 120.068,-5.312,0 119.702,-5.166,0 119.403,-5.02,0 119.336,-4.985,0 118.969,-4.765,0 118.872,-4.699,0 118.603,-4.498,0 118.459,-4.378,0 118.237,-4.17,0 118.126,-4.056,0 117.873,-3.754,0 117.857,-3.733,0 117.638,-3.41,0 117.511,-3.176,0 117.463,-3.087,0 117.327,-2.763,0 117.227,-2.44,0 117.161,-2.116,0 117.157,-2.084,0 117.124,-1.792,0 117.118,-1.468,0 117.144,-1.144,0 117.178,-0.9500000000000001,0 117.2,-0.8210000000000001,0 117.285,-0.4969999999999999,0 117.403,-0.173,0 117.557,0.15,0 117.569,0.171,0 117.747,0.4739999999999999,0 117.95,0.7579999999999999,0 117.98,0.797,0 118.261,1.119,0 118.328,1.187,0 118.603,1.442,0 118.702,1.525,0 119.023,1.764,0 119.075,1.8,0 119.447,2.025,0 119.563,2.085,0 119.817,2.21,0 120.186,2.359,0 120.33,2.405,0 120.554,2.476,0 120.92,2.565,0 121.286,2.625,0 121.65,2.659,0 122.014,2.668,0 122.376,2.653,0 122.738,2.614,0 123.098,2.55,0 123.458,2.46,0 123.661,2.393,0 
				</coordinates>
			</LineString>
		</Placemark>
		<Placemark>
			<name>-8</name>
			<description>-8
@EIRP 56.22 dBW 
@G/T 11.34 dB/K
Pol. Vertical</description>
			<styleUrl>#inline823</styleUrl>
			<LineString>
				<tessellate>1</tessellate>
				<coordinates>
					122.813,2.396,0 123.103,2.342,0 123.462,2.249,0 123.82,2.125,0 123.946,2.072,0 124.177,1.969,0 124.533,1.778,0 124.579,1.75,0 124.888,1.542,0 125.035,1.428,0 125.242,1.252,0 125.392,1.108,0 125.593,0.8879999999999999,0 125.678,0.788,0 125.908,0.4680000000000001,0 125.943,0.4089999999999999,0 126.093,0.148,0 126.238,-0.171,0 126.29,-0.319,0 126.348,-0.49,0 126.426,-0.8100000000000001,0 126.472,-1.129,0 126.488,-1.449,0 126.475,-1.768,0 126.432,-2.088,0 126.358,-2.408,0 126.262,-2.698,0 126.252,-2.728,0 126.113,-3.049,0 125.934,-3.369,0 125.898,-3.423,0 125.711,-3.691,0 125.536,-3.901,0 125.434,-4.013,0 125.175,-4.263,0 125.09,-4.336,0 124.813,-4.551,0 124.651,-4.66,0 124.451,-4.785,0 124.088,-4.973,0 124.06,-4.986,0 123.726,-5.125,0 123.363,-5.243,0 123.066,-5.315,0 122.999,-5.331,0 122.636,-5.393,0 122.271,-5.428,0 121.907,-5.437,0 121.542,-5.421,0 121.177,-5.38,0 120.918,-5.332,0 120.812,-5.312,0 120.446,-5.218,0 120.08,-5.094,0 119.893,-5.016,0 119.714,-4.938,0 119.348,-4.745,0 119.268,-4.696,0 118.982,-4.508,0 118.807,-4.375,0 118.617,-4.215,0 118.444,-4.054,0 118.252,-3.847,0 118.153,-3.730999999999999,0 117.92,-3.409,0 117.889,-3.357,0 117.733,-3.085,0 117.59,-2.762,0 117.531,-2.582,0 117.484,-2.439,0 117.412,-2.115,0 117.373,-1.791,0 117.367,-1.468,0 117.392,-1.144,0 117.45,-0.8199999999999998,0 117.54,-0.4969999999999999,0 117.568,-0.423,0 117.664,-0.173,0 117.824,0.15,0 117.953,0.359,0 118.026,0.473,0 118.273,0.796,0 118.331,0.862,0 118.576,1.119,0 118.707,1.239,0 118.95,1.441,0 119.08,1.539,0 119.42,1.763,0 119.452,1.782,0 119.822,1.979,0 120.063,2.083,0 120.191,2.137,0 120.559,2.262,0 120.925,2.354,0 121.196,2.402,0 121.291,2.418,0 121.655,2.455,0 122.019,2.466,0 122.381,2.451,0 122.743,2.409,0 122.813,2.396,0 
				</coordinates>
			</LineString>
		</Placemark>
		<Placemark>
			<name>-7</name>
			<description>-7
@EIRP 57.22 dBW 
@G/T 12.34 dB/K
Pol. Vertical</description>
			<styleUrl>#inline823</styleUrl>
			<LineString>
				<tessellate>1</tessellate>
				<coordinates>
					123.256,2.074,0 123.467,2.014,0 123.825,1.883,0 124.112,1.751,0 124.181,1.717,0 124.537,1.509,0 124.654,1.429,0 124.891,1.251,0 125.057,1.108,0 125.244,0.926,0 125.372,0.788,0 125.595,0.506,0 125.623,0.4680000000000001,0 125.822,0.148,0 125.944,-0.1,0 125.978,-0.171,0 126.095,-0.491,0 126.176,-0.8100000000000001,0 126.225,-1.129,0 126.243,-1.449,0 126.228,-1.769,0 126.183,-2.088,0 126.106,-2.408,0 125.993,-2.729,0 125.911,-2.907,0 125.843,-3.05,0 125.65,-3.371,0 125.548,-3.512999999999999,0 125.408,-3.692,0 125.185,-3.934,0 125.104,-4.015,0 124.823,-4.257,0 124.715,-4.338,0 124.461,-4.512,0 124.2,-4.663,0 124.099,-4.718,0 123.736,-4.88,0 123.424,-4.99,0 123.373,-5.007,0 123.01,-5.102,0 122.647,-5.167,0 122.283,-5.204,0 121.918,-5.214,0 121.554,-5.198,0 121.189,-5.155,0 120.824,-5.084,0 120.557,-5.011,0 120.458,-4.983,0 120.093,-4.851,0 119.746,-4.693,0 119.727,-4.684,0 119.362,-4.474,0 119.211,-4.373,0 118.996,-4.213,0 118.805,-4.051,0 118.632,-3.883999999999999,0 118.486,-3.729,0 118.268,-3.455,0 118.233,-3.407,0 118.033,-3.084,0 117.908,-2.824,0 117.879,-2.761,0 117.765,-2.438,0 117.689,-2.114,0 117.648,-1.791,0 117.64,-1.467,0 117.666,-1.143,0 117.726,-0.8199999999999998,0 117.82,-0.4959999999999999,0 117.951,-0.173,0 117.953,-0.169,0 118.122,0.15,0 118.334,0.47,0 118.336,0.473,0 118.604,0.796,0 118.711,0.906,0 118.936,1.118,0 119.085,1.242,0 119.355,1.44,0 119.457,1.508,0 119.827,1.721,0 119.911,1.761,0 120.196,1.891,0 120.564,2.024,0 120.772,2.081,0 120.93,2.124,0 121.296,2.192,0 121.66,2.232,0 122.024,2.244,0 122.386,2.228,0 122.747,2.185,0 123.107,2.114,0 123.256,2.074,0 
				</coordinates>
			</LineString>
		</Placemark>
		<Placemark>
			<name>-6</name>
			<description>-6
@EIRP 58.22 dBW 
@G/T 13.34 dB/K
Pol. Vertical</description>
			<styleUrl>#inline823</styleUrl>
			<LineString>
				<tessellate>1</tessellate>
				<coordinates>
					123.474,1.752,0 123.829,1.611,0 124.185,1.431,0 124.186,1.43,0 124.541,1.201,0 124.661,1.109,0 124.894,0.9099999999999999,0 125.02,0.788,0 125.247,0.533,0 125.299,0.4680000000000001,0 125.516,0.149,0 125.596,0.002,0 125.686,-0.171,0 125.812,-0.491,0 125.9,-0.8100000000000001,0 125.94,-1.052,0 125.952,-1.13,0 125.971,-1.449,0 125.956,-1.769,0 125.929,-1.945,0 125.907,-2.089,0 125.823,-2.409,0 125.702,-2.73,0 125.561,-3.011,0 125.54,-3.051,0 125.328,-3.371999999999999,0 125.197,-3.536,0 125.059,-3.694,0 124.835,-3.912,0 124.713,-4.017,0 124.473,-4.2,0 124.257,-4.341,0 124.11,-4.428,0 123.748,-4.606,0 123.593,-4.667,0 123.385,-4.744,0 123.022,-4.846,0 122.658,-4.916,0 122.294,-4.956,0 121.93,-4.967,0 121.566,-4.95,0 121.201,-4.904,0 120.836,-4.828,0 120.471,-4.721,0 120.386,-4.688,0 120.106,-4.577,0 119.741,-4.395,0 119.698,-4.369,0 119.376,-4.162,0 119.225,-4.049,0 119.012,-3.867,0 118.866,-3.726999999999999,0 118.648,-3.482,0 118.585,-3.405,0 118.367,-3.082,0 118.287,-2.932,0 118.2,-2.759,0 118.077,-2.436,0 117.995,-2.113,0 117.95,-1.79,0 117.941,-1.47,0 117.941,-1.466,0 117.941,-1.464,0 117.968,-1.143,0 118.031,-0.8189999999999998,0 118.131,-0.4959999999999999,0 118.271,-0.173,0 118.335,-0.056,0 118.455,0.15,0 118.688,0.473,0 118.714,0.504,0 118.983,0.795,0 119.089,0.894,0 119.358,1.117,0 119.461,1.194,0 119.832,1.43,0 119.848,1.439,0 120.201,1.615,0 120.569,1.759,0 120.569,1.759,0 120.936,1.867,0 121.301,1.941,0 121.665,1.983,0 122.029,1.997,0 122.391,1.981,0 122.752,1.935,0 123.112,1.86,0 123.471,1.754,0 123.474,1.752,0 
				</coordinates>
			</LineString>
		</Placemark>
		<Placemark>
			<name>-5</name>
			<description>-5
@EIRP 59.22 dBW 
@G/T 14.34 dB/K
Pol. Vertical</description>
			<styleUrl>#inline823</styleUrl>
			<LineString>
				<tessellate>1</tessellate>
				<coordinates>
					123.538,1.431,0 123.833,1.3,0 124.172,1.11,0 124.189,1.099,0 124.544,0.838,0 124.601,0.789,0 124.897,0.4959999999999999,0 124.922,0.469,0 125.166,0.149,0 125.248,0.015,0 125.354,-0.171,0 125.492,-0.491,0 125.589,-0.8110000000000001,0 125.594,-0.837,0 125.646,-1.13,0 125.666,-1.45,0 125.65,-1.77,0 125.597,-2.09,0 125.578,-2.158,0 125.505,-2.41,0 125.372,-2.731,0 125.211,-3.02,0 125.192,-3.052,0 124.954,-3.374,0 124.848,-3.493,0 124.644,-3.696,0 124.485,-3.833,0 124.234,-4.019,0 124.123,-4.093,0 123.76,-4.293,0 123.643,-4.344,0 123.397,-4.445,0 123.034,-4.557,0 122.671,-4.634,0 122.341,-4.675,0 122.307,-4.679,0 121.943,-4.691,0 121.701,-4.679,0 121.579,-4.673,0 121.214,-4.623,0 120.85,-4.54,0 120.485,-4.422,0 120.347,-4.365,0 120.12,-4.264,0 119.756,-4.06,0 119.733,-4.045,0 119.392,-3.794,0 119.31,-3.724,0 119.028,-3.445,0 118.991,-3.403,0 118.747,-3.08,0 118.667,-2.947,0 118.562,-2.758,0 118.427,-2.435,0 118.336,-2.112,0 118.314,-1.966,0 118.287,-1.789,0 118.276,-1.465,0 118.305,-1.142,0 118.33,-1.022,0 118.372,-0.8189999999999998,0 118.48,-0.4959999999999999,0 118.632,-0.173,0 118.715,-0.034,0 118.834,0.15,0 119.092,0.471,0 119.093,0.473,0 119.429,0.795,0 119.465,0.825,0 119.836,1.093,0 119.875,1.117,0 120.206,1.299,0 120.52,1.438,0 120.574,1.46,0 120.941,1.577,0 121.306,1.658,0 121.67,1.705,0 122.034,1.72,0 122.396,1.704,0 122.757,1.655,0 123.116,1.573,0 123.475,1.457,0 123.538,1.431,0 
				</coordinates>
			</LineString>
		</Placemark>
		<Placemark>
			<name>-4</name>
			<description>-4
@EIRP 60.22 dBW 
@G/T 15.34 dB/K
Pol. Vertical</description>
			<styleUrl>#inline821</styleUrl>
			<LineString>
				<tessellate>1</tessellate>
				<coordinates>
					123.489,1.111,0 123.836,0.9350000000000002,0 124.067,0.789,0 124.192,0.7,0 124.463,0.469,0 124.546,0.385,0 124.751,0.149,0 124.898,-0.061,0 124.967,-0.171,0 125.124,-0.491,0 125.233,-0.8110000000000001,0 125.245,-0.869,0 125.296,-1.131,0 125.318,-1.451,0 125.3,-1.771,0 125.242,-2.091,0 125.23,-2.131,0 125.138,-2.411,0 124.988,-2.732,0 124.863,-2.934,0 124.781,-3.054,0 124.506,-3.376,0 124.499,-3.382,0 124.136,-3.695,0 124.131,-3.698,0 123.773,-3.925,0 123.579,-4.023,0 123.41,-4.1,0 123.047,-4.226,0 122.684,-4.313,0 122.405,-4.352,0 122.32,-4.363,0 121.957,-4.377,0 121.593,-4.357,0 121.591,-4.357,0 121.229,-4.301,0 120.864,-4.209,0 120.5,-4.077,0 120.422,-4.041,0 120.136,-3.895,0 119.862,-3.721,0 119.772,-3.656000000000001,0 119.474,-3.4,0 119.409,-3.334,0 119.19,-3.078,0 119.048,-2.87,0 118.978,-2.756,0 118.826,-2.433,0 118.724,-2.111,0 118.694,-1.944,0 118.668,-1.788,0 118.656,-1.465,0 118.686,-1.142,0 118.709,-1.036,0 118.76,-0.8179999999999998,0 118.88,-0.4959999999999999,0 119.048,-0.173,0 119.093,-0.105,0 119.279,0.15,0 119.468,0.361,0 119.582,0.472,0 119.84,0.6870000000000001,0 119.992,0.794,0 120.21,0.9299999999999999,0 120.578,1.114,0 120.583,1.115,0 120.945,1.245,0 121.311,1.336,0 121.675,1.389,0 122.038,1.406,0 122.4,1.388,0 122.761,1.334,0 123.121,1.244,0 123.479,1.115,0 123.489,1.111,0 
				</coordinates>
			</LineString>
		</Placemark>
		<Placemark>
			<name>-3</name>
			<description>-3
@EIRP 61.22 dBW 
@G/T 16.34 dB/K
Pol. Vertical</description>
			<styleUrl>#inline820</styleUrl>
			<LineString>
				<tessellate>1</tessellate>
				<coordinates>
					123.284,0.79,0 123.482,0.701,0 123.839,0.49,0 123.868,0.469,0 124.194,0.193,0 124.238,0.149,0 124.5,-0.171,0 124.546,-0.245,0 124.685,-0.491,0 124.811,-0.8110000000000001,0 124.887,-1.131,0 124.892,-1.195,0 124.912,-1.451,0 124.892,-1.772,0 124.884,-1.808,0 124.822,-2.092,0 124.702,-2.413,0 124.527,-2.734,0 124.515,-2.751,0 124.273,-3.056,0 124.151,-3.179,0 123.92,-3.378,0 123.788,-3.475,0 123.424,-3.687,0 123.392,-3.702,0 123.061,-3.834,0 122.698,-3.935,0 122.335,-3.993,0 121.971,-4.01,0 121.608,-3.987,0 121.244,-3.923000000000001,0 120.88,-3.816,0 120.638,-3.717000000000001,0 120.517,-3.66,0 120.153,-3.443,0 120.091,-3.397,0 119.791,-3.138,0 119.729,-3.076,0 119.473,-2.754,0 119.43,-2.683,0 119.296,-2.432,0 119.177,-2.109,0 119.111,-1.786,0 119.094,-1.464,0 119.129,-1.141,0 119.213,-0.8179999999999998,0 119.349,-0.495,0 119.468,-0.293,0 119.547,-0.173,0 119.821,0.15,0 119.843,0.171,0 120.205,0.472,0 120.213,0.478,0 120.582,0.694,0 120.803,0.793,0 120.949,0.852,0 121.315,0.957,0 121.679,1.018,0 122.042,1.039,0 122.404,1.019,0 122.765,0.958,0 123.124,0.855,0 123.284,0.79,0 
				</coordinates>
			</LineString>
		</Placemark>
		<Placemark>
			<name>-2</name>
			<description>-2
@EIRP 62.22 dBW 
@G/T 17.34 dB/K
Pol. Vertical</description>
			<styleUrl>#inline822</styleUrl>
			<LineString>
				<tessellate>1</tessellate>
				<coordinates>
					122.848,0.47,0 123.127,0.365,0 123.484,0.172,0 123.518,0.149,0 123.84,-0.121,0 123.889,-0.172,0 124.131,-0.492,0 124.192,-0.606,0 124.288,-0.8120000000000001,0 124.379,-1.132,0 124.411,-1.452,0 124.385,-1.773,0 124.302,-2.093,0 124.17,-2.39,0 124.157,-2.414,0 123.922,-2.736,0 123.804,-2.86,0 123.572,-3.058,0 123.441,-3.151,0 123.077,-3.346000000000001,0 122.98,-3.383,0 122.714,-3.47,0 122.351,-3.539,0 121.987,-3.560000000000001,0 121.624,-3.532,0 121.261,-3.457,0 121.071,-3.392,0 120.898,-3.324,0 120.535,-3.122,0 120.465,-3.072,0 120.174,-2.818,0 120.11,-2.751,0 119.878,-2.429,0 119.815,-2.303,0 119.73,-2.107,0 119.65,-1.785,0 119.63,-1.462,0 119.669,-1.14,0 119.767,-0.8169999999999999,0 119.84,-0.668,0 119.937,-0.495,0 120.189,-0.172,0 120.215,-0.147,0 120.572,0.15,0 120.585,0.158,0 120.952,0.3569999999999999,0 121.254,0.471,0 121.318,0.492,0 121.683,0.5649999999999999,0 122.046,0.59,0 122.408,0.5679999999999999,0 122.768,0.4959999999999999,0 122.848,0.47,0 
				</coordinates>
			</LineString>
		</Placemark>
		<Placemark>
			<name>-1</name>
			<description>-1
@EIRP 63.22 dBW 
@G/T 18.34 dB/K
Pol. Vertical</description>
			<styleUrl>#inline82</styleUrl>
			<LineString>
				<tessellate>1</tessellate>
				<coordinates>
					122.835,-0.172,0 123.127,-0.344,0 123.305,-0.492,0 123.482,-0.697,0 123.56,-0.8129999999999999,0 123.692,-1.133,0 123.74,-1.454,0 123.703,-1.774,0 123.582,-2.095,0 123.461,-2.282,0 123.35,-2.417,0 123.096,-2.635,0 122.922,-2.74,0 122.732,-2.830000000000001,0 122.369,-2.930000000000001,0 122.006,-2.96,0 121.643,-2.921,0 121.281,-2.813,0 121.147,-2.747,0 120.919,-2.602,0 120.72,-2.426,0 120.56,-2.223,0 120.486,-2.105,0 120.37,-1.783,0 120.338,-1.461,0 120.392,-1.138,0 120.53,-0.8159999999999999,0 120.582,-0.741,0 120.796,-0.494,0 120.952,-0.364,0 121.274,-0.172,0 121.319,-0.151,0 121.684,-0.04599999999999999,0 122.048,-0.01,0 122.409,-0.041,0 122.769,-0.141,0 122.835,-0.172,0 
				</coordinates>
			</LineString>
		</Placemark>
		<Placemark>
			<name>Peak</name>
			<description>Peak
@EIRP 64.22 dBW 
@G/T 19.34 dB/K
Pol. Vertical</description>
			<styleUrl>#stylemap_id8</styleUrl>
			<Point>
				<coordinates>122.038,-1.457,0</coordinates>
			</Point>
		</Placemark>
		<Placemark>
			<name>Beam5</name>
			<description>Polarization: Vertical

User Frequency:
Gateway Jakarta
- Downlink: 12.45 - 12.594 GHz
- Uplink: 14.36 - 14.5 GHz</description>
			<LookAt>
				<longitude>108.5226006725925</longitude>
				<latitude>-2.476469991755147</latitude>
				<altitude>0</altitude>
				<heading>0.2594303806261555</heading>
				<tilt>0</tilt>
				<range>3277994.26927947</range>
				<gx:altitudeMode>relativeToSeaFloor</gx:altitudeMode>
			</LookAt>
			<styleUrl>#m_ylw-pushpin003</styleUrl>
			<Point>
				<gx:drawOrder>1</gx:drawOrder>
				<coordinates>122.038,-1.457,0</coordinates>
			</Point>
		</Placemark>
	</Document>
	<Document>
		<name>Beam 6</name>
		<Style id="inline31">
			<LineStyle>
				<color>ff00dede</color>
				<width>3.5</width>
			</LineStyle>
		</Style>
		<Style id="inline310">
			<LineStyle>
				<color>ff00c6c6</color>
				<width>3.5</width>
			</LineStyle>
		</Style>
		<Style id="inline311">
			<LineStyle>
				<color>ff7fffff</color>
				<width>3.5</width>
			</LineStyle>
		</Style>
		<Style id="inline312">
			<LineStyle>
				<color>ff00ffff</color>
				<width>3.5</width>
			</LineStyle>
		</Style>
		<Style id="inline313">
			<LineStyle>
				<color>ff00e8e8</color>
				<width>3.5</width>
			</LineStyle>
		</Style>
		<Style id="inline51">
			<LineStyle>
				<color>ff00dede</color>
				<width>3.5</width>
			</LineStyle>
		</Style>
		<Style id="inline510">
			<LineStyle>
				<color>ff00ffff</color>
				<width>3.5</width>
			</LineStyle>
		</Style>
		<Style id="inline511">
			<LineStyle>
				<color>ff00c6c6</color>
				<width>3.5</width>
			</LineStyle>
		</Style>
		<Style id="inline512">
			<LineStyle>
				<color>ff7fffff</color>
				<width>3.5</width>
			</LineStyle>
		</Style>
		<Style id="inline513">
			<LineStyle>
				<color>ff00e8e8</color>
				<width>3.5</width>
			</LineStyle>
		</Style>
		<StyleMap id="inline81">
			<Pair>
				<key>normal</key>
				<styleUrl>#inline311</styleUrl>
			</Pair>
			<Pair>
				<key>highlight</key>
				<styleUrl>#inline512</styleUrl>
			</Pair>
		</StyleMap>
		<StyleMap id="inline810">
			<Pair>
				<key>normal</key>
				<styleUrl>#inline313</styleUrl>
			</Pair>
			<Pair>
				<key>highlight</key>
				<styleUrl>#inline513</styleUrl>
			</Pair>
		</StyleMap>
		<StyleMap id="inline811">
			<Pair>
				<key>normal</key>
				<styleUrl>#inline312</styleUrl>
			</Pair>
			<Pair>
				<key>highlight</key>
				<styleUrl>#inline510</styleUrl>
			</Pair>
		</StyleMap>
		<StyleMap id="inline812">
			<Pair>
				<key>normal</key>
				<styleUrl>#inline310</styleUrl>
			</Pair>
			<Pair>
				<key>highlight</key>
				<styleUrl>#inline511</styleUrl>
			</Pair>
		</StyleMap>
		<StyleMap id="inline813">
			<Pair>
				<key>normal</key>
				<styleUrl>#inline31</styleUrl>
			</Pair>
			<Pair>
				<key>highlight</key>
				<styleUrl>#inline51</styleUrl>
			</Pair>
		</StyleMap>
		<StyleMap id="m_ylw-pushpin004">
			<Pair>
				<key>normal</key>
				<styleUrl>#s_ylw-pushpin003</styleUrl>
			</Pair>
			<Pair>
				<key>highlight</key>
				<styleUrl>#s_ylw-pushpin_hl003</styleUrl>
			</Pair>
		</StyleMap>
		<Style id="s_ylw-pushpin003">
			<IconStyle>
				<scale>1.1</scale>
				<Icon>
					<href>http://maps.google.com/mapfiles/kml/pushpin/ylw-pushpin.png</href>
				</Icon>
				<hotSpot x="20" y="2" xunits="pixels" yunits="pixels"/>
			</IconStyle>
		</Style>
		<Style id="s_ylw-pushpin_hl003">
			<IconStyle>
				<scale>1.3</scale>
				<Icon>
					<href>http://maps.google.com/mapfiles/kml/pushpin/ylw-pushpin.png</href>
				</Icon>
				<hotSpot x="20" y="2" xunits="pixels" yunits="pixels"/>
			</IconStyle>
		</Style>
		<Style id="style10">
			<IconStyle>
				<Icon>
					<href>http://maps.google.com/mapfiles/kml/shapes/cross-hairs_highlight.png</href>
				</Icon>
			</IconStyle>
		</Style>
		<Style id="style9">
			<IconStyle>
				<Icon>
					<href>http://maps.google.com/mapfiles/kml/shapes/cross-hairs_highlight.png</href>
				</Icon>
			</IconStyle>
		</Style>
		<StyleMap id="stylemap_id9">
			<Pair>
				<key>normal</key>
				<styleUrl>#style10</styleUrl>
			</Pair>
			<Pair>
				<key>highlight</key>
				<styleUrl>#style9</styleUrl>
			</Pair>
		</StyleMap>
		<Placemark>
			<name>-10</name>
			<description>-10
@EIRP 54.93 dBW 
@G/T 8.35 dB/K
Pol. Vertical</description>
			<styleUrl>#inline81</styleUrl>
			<LineString>
				<tessellate>1</tessellate>
				<coordinates>
					130.457,2.545,0 130.643,2.482,0 130.977,2.341,0 131.206,2.225,0 131.311,2.17,0 131.644,1.968,0 131.733,1.906,0 131.976,1.727,0 132.143,1.588,0 132.307,1.439,0 132.478,1.27,0 132.638,1.092,0 132.756,0.9520000000000001,0 132.967,0.663,0 132.987,0.635,0 133.181,0.317,0 133.295,0.08899999999999998,0 133.339,0,0 133.467,-0.317,0 133.565,-0.634,0 133.619,-0.881,0 133.635,-0.9510000000000001,0 133.68,-1.268,0 133.699,-1.586,0 133.692,-1.903,0 133.658,-2.22,0 133.606,-2.49,0 133.597,-2.538,0 133.514,-2.855999999999999,0 133.4,-3.174,0 133.266,-3.468,0 133.255,-3.492,0 133.081,-3.811,0 132.928,-4.043,0 132.869,-4.13,0 132.616,-4.45,0 132.59,-4.478,0 132.314,-4.77,0 132.252,-4.828,0 131.95,-5.091,0 131.914,-5.119,0 131.576,-5.364,0 131.5,-5.413,0 131.238,-5.573,0 130.923,-5.736000000000001,0 130.899,-5.748,0 130.559,-5.898,0 130.22,-6.02,0 130.077,-6.061,0 129.88,-6.119,0 129.54,-6.197,0 129.199,-6.251,0 128.859,-6.284,0 128.518,-6.295,0 128.177,-6.284,0 127.836,-6.252,0 127.495,-6.198,0 127.155,-6.119,0 127.029,-6.081000000000001,0 126.814,-6.017999999999999,0 126.473,-5.894,0 126.183,-5.764999999999999,0 126.132,-5.742,0 125.791,-5.563,0 125.602,-5.447,0 125.45,-5.349,0 125.15,-5.128,0 125.11,-5.096,0 124.785,-4.809,0 124.77,-4.795,0 124.483,-4.489,0 124.432,-4.427,0 124.23,-4.169,0 124.094,-3.963,0 124.02,-3.848,0 123.847,-3.528,0 123.759,-3.327,0 123.706,-3.207,0 123.594,-2.886,0 123.513,-2.566,0 123.461,-2.245,0 123.435,-1.929,0 123.434,-1.924,0 123.435,-1.603,0 123.441,-1.534,0 123.462,-1.282,0 123.515,-0.962,0 123.597,-0.641,0 123.71,-0.32,0 123.807,-0.107,0 123.855,0,0 124.031,0.32,0 124.16,0.515,0 124.245,0.64,0 124.501,0.96,0 124.51,0.9709999999999999,0 124.804,1.28,0 124.858,1.331,0 125.167,1.6,0 125.204,1.63,0 125.55,1.882,0 125.607,1.919,0 125.894,2.096,0 126.161,2.237,0 126.238,2.277,0 126.581,2.429,0 126.923,2.552,0 126.931,2.555,0 127.264,2.655,0 127.605,2.732,0 127.945,2.787,0 128.284,2.821,0 128.623,2.834000000000001,0 128.961,2.829,0 129.299,2.803,0 129.636,2.757,0 129.972,2.689,0 130.308,2.597,0 130.457,2.545,0 
				</coordinates>
			</LineString>
		</Placemark>
		<Placemark>
			<name>-9</name>
			<description>-9
@EIRP 55.93 dBW 
@G/T 9.35 dB/K
Pol. Vertical</description>
			<styleUrl>#inline81</styleUrl>
			<LineString>
				<tessellate>1</tessellate>
				<coordinates>
					129.641,2.547,0 129.975,2.477,0 130.311,2.382,0 130.646,2.26,0 130.723,2.226,0 130.98,2.111,0 131.313,1.93,0 131.352,1.907,0 131.646,1.714,0 131.813,1.588,0 131.978,1.453,0 132.179,1.27,0 132.309,1.138,0 132.478,0.9520000000000001,0 132.639,0.749,0 132.725,0.635,0 132.928,0.317,0 132.968,0.244,0 133.096,0,0 133.229,-0.317,0 133.294,-0.52,0 133.331,-0.634,0 133.406,-0.9510000000000001,0 133.452,-1.269,0 133.472,-1.586,0 133.464,-1.903,0 133.43,-2.221,0 133.368,-2.538,0 133.278,-2.855999999999999,0 133.275,-2.864,0 133.161,-3.175,0 133.01,-3.493,0 132.936,-3.624,0 132.826,-3.812,0 132.602,-4.131,0 132.598,-4.136,0 132.333,-4.451,0 132.26,-4.527,0 132.007,-4.771,0 131.922,-4.846,0 131.608,-5.092,0 131.583,-5.11,0 131.245,-5.332,0 131.099,-5.415,0 130.906,-5.519,0 130.567,-5.675000000000001,0 130.401,-5.739,0 130.227,-5.804,0 129.888,-5.908,0 129.548,-5.987,0 129.208,-6.043000000000001,0 128.947,-6.068,0 128.867,-6.076,0 128.527,-6.088000000000001,0 128.186,-6.076,0 128.158,-6.073,0 127.845,-6.043000000000001,0 127.505,-5.988,0 127.164,-5.908,0 126.823,-5.802,0 126.716,-5.761,0 126.482,-5.672,0 126.142,-5.514,0 126.014,-5.444,0 125.801,-5.324,0 125.503,-5.126,0 125.461,-5.096,0 125.121,-4.824,0 125.101,-4.807,0 124.782,-4.495,0 124.775,-4.487,0 124.506,-4.167,0 124.444,-4.08,0 124.284,-3.847,0 124.108,-3.535,0 124.103,-3.527,0 123.954,-3.206,0 123.84,-2.885,0 123.776,-2.643,0 123.756,-2.565,0 123.699,-2.244,0 123.67,-1.923,0 123.671,-1.603,0 123.7,-1.282,0 123.757,-0.961,0 123.804,-0.788,0 123.843,-0.641,0 123.96,-0.32,0 124.11,0,0 124.161,0.08899999999999998,0 124.295,0.32,0 124.512,0.629,0 124.52,0.64,0 124.79,0.96,0 124.861,1.033,0 125.115,1.28,0 125.208,1.36,0 125.509,1.599,0 125.553,1.632,0 125.898,1.859,0 126,1.918,0 126.242,2.051,0 126.585,2.21,0 126.652,2.236,0 126.927,2.341,0 127.268,2.446,0 127.609,2.526,0 127.768,2.552,0 127.949,2.583,0 128.288,2.619,0 128.627,2.634,0 128.965,2.627,0 129.302,2.598,0 129.639,2.547,0 129.641,2.547,0 
				</coordinates>
			</LineString>
		</Placemark>
		<Placemark>
			<name>-8</name>
			<description>-8
@EIRP 56.93 dBW 
@G/T 10.35 dB/K
Pol. Vertical</description>
			<styleUrl>#inline81</styleUrl>
			<LineString>
				<tessellate>1</tessellate>
				<coordinates>
					130.048,2.227,0 130.314,2.147,0 130.649,2.018,0 130.883,1.908,0 130.983,1.858,0 131.316,1.664,0 131.429,1.589,0 131.649,1.429,0 131.84,1.27,0 131.98,1.143,0 132.168,0.9520000000000001,0 132.311,0.789,0 132.435,0.635,0 132.64,0.336,0 132.653,0.317,0 132.83,0,0 132.968,-0.312,0 132.97,-0.317,0 133.079,-0.634,0 133.157,-0.9520000000000001,0 133.205,-1.269,0 133.225,-1.586,0 133.218,-1.904,0 133.182,-2.221,0 133.119,-2.539,0 133.025,-2.857000000000001,0 132.945,-3.061999999999999,0 132.9,-3.175,0 132.742,-3.494,0 132.606,-3.718,0 132.546,-3.813,0 132.307,-4.132,0 132.268,-4.178,0 132.016,-4.452,0 131.929,-4.535,0 131.658,-4.773,0 131.591,-4.826,0 131.253,-5.066,0 131.207,-5.094,0 130.914,-5.266,0 130.606,-5.417,0 130.575,-5.432,0 130.235,-5.569,0 129.896,-5.677,0 129.624,-5.743,0 129.556,-5.76,0 129.216,-5.819999999999999,0 128.876,-5.855,0 128.536,-5.867,0 128.195,-5.855,0 127.855,-5.819999999999999,0 127.514,-5.76,0 127.498,-5.756,0 127.173,-5.677,0 126.833,-5.568,0 126.52,-5.441,0 126.492,-5.43,0 126.152,-5.262,0 125.916,-5.123,0 125.812,-5.058,0 125.472,-4.813,0 125.461,-4.805,0 125.133,-4.515,0 125.103,-4.485,0 124.812,-4.166,0 124.794,-4.143,0 124.575,-3.846,0 124.458,-3.655,0 124.381,-3.525,0 124.226,-3.205,0 124.124,-2.935,0 124.105,-2.884,0 124.016,-2.564,0 123.957,-2.243,0 123.928,-1.923,0 123.929,-1.602,0 123.959,-1.282,0 124.018,-0.961,0 124.109,-0.641,0 124.16,-0.507,0 124.232,-0.32,0 124.389,0,0 124.514,0.206,0 124.585,0.32,0 124.824,0.64,0 124.863,0.6860000000000001,0 125.114,0.96,0 125.211,1.053,0 125.468,1.279,0 125.557,1.351,0 125.902,1.597,0 125.904,1.598,0 126.245,1.801,0 126.476,1.917,0 126.588,1.971,0 126.93,2.109,0 127.272,2.219,0 127.333,2.234,0 127.613,2.304,0 127.953,2.364,0 128.292,2.401,0 128.631,2.415,0 128.969,2.408,0 129.306,2.378,0 129.643,2.325,0 129.979,2.248,0 130.048,2.227,0 
				</coordinates>
			</LineString>
		</Placemark>
		<Placemark>
			<name>-7</name>
			<description>-7
@EIRP 57.93 dBW 
@G/T 11.35 dB/K
Pol. Vertical</description>
			<styleUrl>#inline81</styleUrl>
			<LineString>
				<tessellate>1</tessellate>
				<coordinates>
					130.259,1.909,0 130.317,1.889,0 130.652,1.75,0 130.964,1.589,0 130.986,1.578,0 131.319,1.365,0 131.446,1.271,0 131.651,1.104,0 131.816,0.953,0 131.982,0.7809999999999999,0 132.11,0.635,0 132.312,0.367,0 132.347,0.317,0 132.537,0,0 132.64,-0.216,0 132.687,-0.317,0 132.803,-0.635,0 132.885,-0.9520000000000001,0 132.936,-1.269,0 132.958,-1.587,0 132.95,-1.904,0 132.913,-2.222,0 132.846,-2.54,0 132.747,-2.858,0 132.615,-3.174,0 132.614,-3.176,0 132.445,-3.495000000000001,0 132.276,-3.753,0 132.234,-3.814,0 131.975,-4.133,0 131.938,-4.173,0 131.653,-4.454,0 131.599,-4.501,0 131.261,-4.767,0 131.249,-4.775,0 130.922,-4.984,0 130.713,-5.097,0 130.583,-5.163,0 130.244,-5.309,0 129.914,-5.421,0 129.905,-5.424,0 129.565,-5.513,0 129.225,-5.575,0 128.885,-5.613,0 128.545,-5.625,0 128.205,-5.613,0 127.864,-5.577,0 127.524,-5.514,0 127.227,-5.437,0 127.184,-5.425,0 126.843,-5.309,0 126.503,-5.163,0 126.42,-5.12,0 126.163,-4.982,0 125.883,-4.802,0 125.823,-4.761,0 125.484,-4.49,0 125.476,-4.483,0 125.155,-4.164,0 125.146,-4.153,0 124.898,-3.844,0 124.808,-3.712,0 124.689,-3.524,0 124.523,-3.204,0 124.474,-3.082,0 124.395,-2.883,0 124.301,-2.563,0 124.24,-2.242,0 124.209,-1.922,0 124.21,-1.602,0 124.241,-1.281,0 124.303,-0.961,0 124.399,-0.64,0 124.513,-0.359,0 124.529,-0.32,0 124.696,0,0 124.865,0.26,0 124.906,0.32,0 125.163,0.64,0 125.213,0.6929999999999999,0 125.481,0.959,0 125.56,1.029,0 125.874,1.278,0 125.905,1.301,0 126.249,1.523,0 126.385,1.597,0 126.592,1.705,0 126.934,1.853,0 127.113,1.915,0 127.276,1.971,0 127.616,2.06,0 127.956,2.124,0 128.296,2.162,0 128.634,2.177,0 128.972,2.168,0 129.309,2.136,0 129.646,2.08,0 129.982,1.998,0 130.259,1.909,0 
				</coordinates>
			</LineString>
		</Placemark>
		<Placemark>
			<name>-6</name>
			<description>-6
@EIRP 58.93 dBW 
@G/T 12.35 dB/K
Pol. Vertical</description>
			<styleUrl>#inline81</styleUrl>
			<LineString>
				<tessellate>1</tessellate>
				<coordinates>
					128.759,1.912,0 128.976,1.905,0 129.313,1.87,0 129.649,1.809,0 129.985,1.721,0 130.32,1.603,0 130.348,1.59,0 130.654,1.45,0 130.97,1.271,0 130.988,1.26,0 131.321,1.022,0 131.405,0.953,0 131.653,0.724,0 131.739,0.635,0 131.983,0.342,0 132.002,0.318,0 132.21,0,0 132.312,-0.195,0 132.374,-0.317,0 132.498,-0.635,0 132.586,-0.9520000000000001,0 132.637,-1.244,0 132.641,-1.269,0 132.665,-1.587,0 132.657,-1.905,0 132.629,-2.125,0 132.617,-2.222,0 132.545,-2.54,0 132.44,-2.858,0 132.297,-3.177,0 132.286,-3.197000000000001,0 132.113,-3.496,0 131.947,-3.73,0 131.882,-3.815,0 131.608,-4.12,0 131.594,-4.135,0 131.27,-4.422,0 131.227,-4.455,0 130.931,-4.664,0 130.743,-4.777,0 130.592,-4.861,0 130.253,-5.019,0 130.037,-5.1,0 129.914,-5.144,0 129.574,-5.239,0 129.234,-5.306,0 128.895,-5.346,0 128.555,-5.359,0 128.214,-5.347,0 127.874,-5.308,0 127.534,-5.242,0 127.194,-5.147,0 127.107,-5.116,0 126.854,-5.022,0 126.514,-4.863,0 126.399,-4.799,0 126.175,-4.664,0 125.915,-4.481,0 125.836,-4.418,0 125.549,-4.162,0 125.497,-4.109,0 125.262,-3.842,0 125.16,-3.705000000000001,0 125.033,-3.522,0 124.853,-3.202,0 124.825,-3.138,0 124.715,-2.882,0 124.615,-2.562,0 124.55,-2.242,0 124.517,-1.921,0 124.518,-1.601,0 124.551,-1.281,0 124.618,-0.96,0 124.719,-0.64,0 124.858,-0.32,0 124.865,-0.308,0 125.039,0,0 125.215,0.251,0 125.267,0.32,0 125.55,0.639,0 125.562,0.652,0 125.905,0.959,0 125.908,0.961,0 126.252,1.207,0 126.368,1.278,0 126.595,1.407,0 126.938,1.568,0 127.011,1.596,0 127.279,1.695,0 127.62,1.791,0 127.96,1.859,0 128.299,1.899,0 128.572,1.912,0 128.638,1.915,0 128.759,1.912,0 
				</coordinates>
			</LineString>
		</Placemark>
		<Placemark>
			<name>-5</name>
			<description>-5
@EIRP 59.93 dBW 
@G/T 13.35 dB/K
Pol. Vertical</description>
			<styleUrl>#inline81</styleUrl>
			<LineString>
				<tessellate>1</tessellate>
				<coordinates>
					129.162,1.592,0 129.316,1.574,0 129.652,1.507,0 129.988,1.409,0 130.323,1.278,0 130.335,1.272,0 130.657,1.107,0 130.9,0.954,0 130.99,0.8900000000000001,0 131.302,0.635,0 131.323,0.616,0 131.604,0.318,0 131.654,0.255,0 131.838,0,0 131.984,-0.251,0 132.02,-0.318,0 132.156,-0.635,0 132.253,-0.9520000000000001,0 132.309,-1.245,0 132.313,-1.27,0 132.339,-1.587,0 132.331,-1.905,0 132.301,-2.126,0 132.288,-2.223,0 132.209,-2.541,0 132.094,-2.859,0 131.958,-3.140000000000001,0 131.938,-3.178,0 131.734,-3.497,0 131.618,-3.645,0 131.473,-3.816,0 131.279,-4.011,0 131.138,-4.136,0 130.94,-4.292,0 130.696,-4.457,0 130.601,-4.516,0 130.262,-4.692,0 130.05,-4.78,0 129.923,-4.83,0 129.584,-4.933,0 129.244,-5.006,0 128.905,-5.049,0 128.565,-5.064,0 128.225,-5.051,0 127.885,-5.009,0 127.545,-4.938,0 127.205,-4.835,0 127.103,-4.795,0 126.866,-4.697,0 126.526,-4.521,0 126.456,-4.478,0 126.187,-4.296,0 126.015,-4.159,0 125.849,-4.009,0 125.683,-3.84,0 125.512,-3.634999999999999,0 125.425,-3.520999999999999,0 125.225,-3.201000000000001,0 125.176,-3.102,0 125.074,-2.881,0 124.965,-2.561,0 124.893,-2.241,0 124.858,-1.92,0 124.859,-1.6,0 124.895,-1.28,0 124.967,-0.96,0 125.077,-0.64,0 125.215,-0.348,0 125.228,-0.32,0 125.428,0,0 125.564,0.178,0 125.682,0.32,0 125.91,0.553,0 126.005,0.639,0 126.255,0.8399999999999999,0 126.427,0.958,0 126.599,1.066,0 126.941,1.245,0 127.015,1.277,0 127.283,1.384,0 127.623,1.489,0 127.963,1.563,0 128.197,1.594,0 128.303,1.607,0 128.641,1.624,0 128.979,1.613,0 129.162,1.592,0 
				</coordinates>
			</LineString>
		</Placemark>
		<Placemark>
			<name>-4</name>
			<description>-4
@EIRP 60.93 dBW 
@G/T 14.35 dB/K
Pol. Vertical</description>
			<styleUrl>#inline811</styleUrl>
			<LineString>
				<tessellate>1</tessellate>
				<coordinates>
					129.045,1.274,0 129.319,1.238,0 129.655,1.161,0 129.991,1.05,0 130.212,0.954,0 130.325,0.9,0 130.659,0.702,0 130.753,0.636,0 130.992,0.4429999999999999,0 131.125,0.318,0 131.324,0.09800000000000002,0 131.402,0,0 131.611,-0.318,0 131.654,-0.4,0 131.765,-0.635,0 131.874,-0.953,0 131.941,-1.27,0 131.97,-1.588,0 131.961,-1.906,0 131.913,-2.224,0 131.826,-2.542,0 131.698,-2.86,0 131.63,-2.988,0 131.521,-3.179,0 131.29,-3.496,0 131.288,-3.498,0 130.98,-3.818,0 130.951,-3.845,0 130.612,-4.108,0 130.565,-4.139,0 130.273,-4.311,0 129.952,-4.461,0 129.933,-4.469,0 129.594,-4.584,0 129.255,-4.665,0 128.915,-4.714,0 128.576,-4.73,0 128.236,-4.716,0 127.896,-4.67,0 127.557,-4.591,0 127.217,-4.478,0 127.209,-4.474,0 126.878,-4.32,0 126.599,-4.156,0 126.539,-4.117,0 126.201,-3.852,0 126.186,-3.838,0 125.883,-3.519,0 125.864,-3.495000000000001,0 125.655,-3.199,0 125.529,-2.97,0 125.483,-2.879,0 125.361,-2.559,0 125.282,-2.239,0 125.243,-1.919,0 125.243,-1.599,0 125.283,-1.279,0 125.362,-0.959,0 125.484,-0.639,0 125.563,-0.486,0 125.654,-0.32,0 125.879,0,0 125.911,0.039,0 126.174,0.319,0 126.257,0.395,0 126.564,0.639,0 126.601,0.665,0 126.944,0.869,0 127.127,0.957,0 127.286,1.028,0 127.627,1.145,0 127.967,1.227,0 128.293,1.275,0 128.306,1.277,0 128.644,1.294,0 128.982,1.282,0 129.045,1.274,0 
				</coordinates>
			</LineString>
		</Placemark>
		<Placemark>
			<name>-3</name>
			<description>-3
@EIRP 61.93 dBW 
@G/T 15.35 dB/K
Pol. Vertical</description>
			<styleUrl>#inline810</styleUrl>
			<LineString>
				<tessellate>1</tessellate>
				<coordinates>
					129.967,0.636,0 129.993,0.625,0 130.327,0.441,0 130.506,0.318,0 130.66,0.194,0 130.863,0,0 130.993,-0.15,0 131.119,-0.318,0 131.305,-0.635,0 131.322,-0.676,0 131.43,-0.953,0 131.507,-1.271,0 131.541,-1.588,0 131.531,-1.906,0 131.477,-2.224,0 131.378,-2.543,0 131.303,-2.707,0 131.228,-2.861000000000001,0 131.018,-3.18,0 130.963,-3.248,0 130.729,-3.5,0 130.623,-3.596,0 130.329,-3.82,0 130.284,-3.851,0 129.945,-4.036,0 129.691,-4.142,0 129.605,-4.175,0 129.266,-4.268,0 128.927,-4.323,0 128.587,-4.343,0 128.248,-4.327,0 127.909,-4.275,0 127.569,-4.186,0 127.48,-4.152,0 127.231,-4.049,0 126.892,-3.865,0 126.847,-3.835,0 126.554,-3.61,0 126.452,-3.516,0 126.217,-3.259,0 126.168,-3.197000000000001,0 125.966,-2.878,0 125.883,-2.7,0 125.823,-2.558,0 125.732,-2.238,0 125.687,-1.918,0 125.687,-1.599,0 125.732,-1.279,0 125.821,-0.959,0 125.909,-0.752,0 125.961,-0.639,0 126.161,-0.319,0 126.258,-0.197,0 126.434,0,0 126.603,0.157,0 126.808,0.319,0 126.946,0.413,0 127.288,0.604,0 127.368,0.638,0 127.629,0.7400000000000001,0 127.969,0.834,0 128.309,0.8900000000000001,0 128.647,0.9099999999999999,0 128.985,0.895,0 129.322,0.8429999999999999,0 129.658,0.754,0 129.967,0.636,0 
				</coordinates>
			</LineString>
		</Placemark>
		<Placemark>
			<name>-2</name>
			<description>-2
@EIRP 62.93 dBW 
@G/T 16.35 dB/K
Pol. Vertical</description>
			<styleUrl>#inline813</styleUrl>
			<LineString>
				<tessellate>1</tessellate>
				<coordinates>
					129.464,0.318,0 129.659,0.249,0 129.994,0.079,0 130.113,0,0 130.328,-0.17,0 130.479,-0.318,0 130.66,-0.542,0 130.724,-0.636,0 130.883,-0.954,0 130.983,-1.271,0 130.988,-1.308,0 131.023,-1.589,0 131.011,-1.907,0 130.98,-2.065,0 130.946,-2.226,0 130.821,-2.544,0 130.637,-2.862,0 130.636,-2.863,0 130.355,-3.182,0 130.297,-3.236,0 129.957,-3.491,0 129.937,-3.503000000000001,0 129.618,-3.662,0 129.278,-3.782,0 129.078,-3.825,0 128.939,-3.852,0 128.6,-3.875,0 128.261,-3.857,0 128.106,-3.829,0 127.922,-3.793,0 127.584,-3.677,0 127.251,-3.512999999999999,0 127.245,-3.51,0 126.908,-3.256,0 126.842,-3.195,0 126.572,-2.882,0 126.567,-2.876,0 126.391,-2.556,0 126.275,-2.237,0 126.242,-2.055,0 126.219,-1.917,0 126.218,-1.597,0 126.25,-1.396,0 126.271,-1.278,0 126.383,-0.958,0 126.555,-0.639,0 126.602,-0.574,0 126.815,-0.319,0 126.947,-0.194,0 127.196,0,0 127.29,0.06199999999999999,0 127.631,0.237,0 127.858,0.319,0 127.971,0.355,0 128.311,0.4209999999999999,0 128.649,0.444,0 128.987,0.425,0 129.323,0.362,0 129.464,0.318,0 
				</coordinates>
			</LineString>
		</Placemark>
		<Placemark>
			<name>-1</name>
			<description>-1
@EIRP 63.93 dBW 
@G/T 17.35 dB/K
Pol. Vertical</description>
			<styleUrl>#inline812</styleUrl>
			<LineString>
				<tessellate>1</tessellate>
				<coordinates>
					129.372,-0.318,0 129.659,-0.477,0 129.862,-0.636,0 129.992,-0.775,0 130.123,-0.954,0 130.27,-1.272,0 130.321,-1.519,0 130.333,-1.59,0 130.319,-1.909,0 130.317,-1.918,0 130.222,-2.227,0 130.043,-2.546,0 129.973,-2.631,0 129.73,-2.866,0 129.633,-2.937,0 129.293,-3.117,0 129.075,-3.187,0 128.954,-3.218999999999999,0 128.615,-3.251,0 128.276,-3.226,0 128.13,-3.19,0 127.938,-3.133,0 127.6,-2.959,0 127.482,-2.872,0 127.264,-2.66,0 127.179,-2.554,0 127.008,-2.235,0 126.933,-1.959,0 126.923,-1.916,0 126.92,-1.596,0 126.938,-1.508,0 126.995,-1.277,0 127.154,-0.957,0 127.287,-0.7830000000000001,0 127.428,-0.638,0 127.63,-0.482,0 127.928,-0.319,0 127.971,-0.3,0 128.311,-0.209,0 128.65,-0.179,0 128.987,-0.207,0 129.324,-0.297,0 129.372,-0.318,0 
				</coordinates>
			</LineString>
		</Placemark>
		<Placemark>
			<name>Peak</name>
			<description>Peak
@EIRP 64.93 dBW 
@G/T 18.35 dB/K
Pol. Vertical</description>
			<styleUrl>#stylemap_id9</styleUrl>
			<Point>
				<coordinates>128.641,-1.593,0</coordinates>
			</Point>
		</Placemark>
		<Placemark>
			<name>Beam6</name>
			<description>Polarization: Vertical

User Frequency:
Gateway Jakarta
- Downlink: 12.606 - 12.750 GHz
- Uplink: 14.20 - 14.34 GHz</description>
			<LookAt>
				<longitude>108.5226006725925</longitude>
				<latitude>-2.476469991755147</latitude>
				<altitude>0</altitude>
				<heading>0.2594303806261555</heading>
				<tilt>0</tilt>
				<range>3277994.26927947</range>
				<gx:altitudeMode>relativeToSeaFloor</gx:altitudeMode>
			</LookAt>
			<styleUrl>#m_ylw-pushpin004</styleUrl>
			<Point>
				<gx:drawOrder>1</gx:drawOrder>
				<coordinates>128.641,-1.593,0</coordinates>
			</Point>
		</Placemark>
	</Document>
	<Document>
		<name>Beam 7</name>
		<Style id="inline30">
			<LineStyle>
				<color>ff7fffff</color>
				<width>3.5</width>
			</LineStyle>
		</Style>
		<Style id="inline300">
			<LineStyle>
				<color>ff00e8e8</color>
				<width>3.5</width>
			</LineStyle>
		</Style>
		<Style id="inline301">
			<LineStyle>
				<color>ff00c6c6</color>
				<width>3.5</width>
			</LineStyle>
		</Style>
		<Style id="inline302">
			<LineStyle>
				<color>ff00dede</color>
				<width>3.5</width>
			</LineStyle>
		</Style>
		<Style id="inline303">
			<LineStyle>
				<color>ff00ffff</color>
				<width>3.5</width>
			</LineStyle>
		</Style>
		<Style id="inline50">
			<LineStyle>
				<color>ff7fffff</color>
				<width>3.5</width>
			</LineStyle>
		</Style>
		<Style id="inline500">
			<LineStyle>
				<color>ff00c6c6</color>
				<width>3.5</width>
			</LineStyle>
		</Style>
		<Style id="inline501">
			<LineStyle>
				<color>ff00e8e8</color>
				<width>3.5</width>
			</LineStyle>
		</Style>
		<Style id="inline502">
			<LineStyle>
				<color>ff00ffff</color>
				<width>3.5</width>
			</LineStyle>
		</Style>
		<Style id="inline503">
			<LineStyle>
				<color>ff00dede</color>
				<width>3.5</width>
			</LineStyle>
		</Style>
		<StyleMap id="inline80">
			<Pair>
				<key>normal</key>
				<styleUrl>#inline300</styleUrl>
			</Pair>
			<Pair>
				<key>highlight</key>
				<styleUrl>#inline501</styleUrl>
			</Pair>
		</StyleMap>
		<StyleMap id="inline800">
			<Pair>
				<key>normal</key>
				<styleUrl>#inline303</styleUrl>
			</Pair>
			<Pair>
				<key>highlight</key>
				<styleUrl>#inline502</styleUrl>
			</Pair>
		</StyleMap>
		<StyleMap id="inline801">
			<Pair>
				<key>normal</key>
				<styleUrl>#inline30</styleUrl>
			</Pair>
			<Pair>
				<key>highlight</key>
				<styleUrl>#inline50</styleUrl>
			</Pair>
		</StyleMap>
		<StyleMap id="inline802">
			<Pair>
				<key>normal</key>
				<styleUrl>#inline301</styleUrl>
			</Pair>
			<Pair>
				<key>highlight</key>
				<styleUrl>#inline500</styleUrl>
			</Pair>
		</StyleMap>
		<StyleMap id="inline803">
			<Pair>
				<key>normal</key>
				<styleUrl>#inline302</styleUrl>
			</Pair>
			<Pair>
				<key>highlight</key>
				<styleUrl>#inline503</styleUrl>
			</Pair>
		</StyleMap>
		<StyleMap id="m_ylw-pushpin005">
			<Pair>
				<key>normal</key>
				<styleUrl>#s_ylw-pushpin004</styleUrl>
			</Pair>
			<Pair>
				<key>highlight</key>
				<styleUrl>#s_ylw-pushpin_hl004</styleUrl>
			</Pair>
		</StyleMap>
		<Style id="s_ylw-pushpin004">
			<IconStyle>
				<scale>1.1</scale>
				<Icon>
					<href>http://maps.google.com/mapfiles/kml/pushpin/ylw-pushpin.png</href>
				</Icon>
				<hotSpot x="20" y="2" xunits="pixels" yunits="pixels"/>
			</IconStyle>
		</Style>
		<Style id="s_ylw-pushpin_hl004">
			<IconStyle>
				<scale>1.3</scale>
				<Icon>
					<href>http://maps.google.com/mapfiles/kml/pushpin/ylw-pushpin.png</href>
				</Icon>
				<hotSpot x="20" y="2" xunits="pixels" yunits="pixels"/>
			</IconStyle>
		</Style>
		<Style id="style11">
			<IconStyle>
				<Icon>
					<href>http://maps.google.com/mapfiles/kml/shapes/cross-hairs_highlight.png</href>
				</Icon>
			</IconStyle>
		</Style>
		<Style id="style12">
			<IconStyle>
				<Icon>
					<href>http://maps.google.com/mapfiles/kml/shapes/cross-hairs_highlight.png</href>
				</Icon>
			</IconStyle>
		</Style>
		<StyleMap id="stylemap_id10">
			<Pair>
				<key>normal</key>
				<styleUrl>#style11</styleUrl>
			</Pair>
			<Pair>
				<key>highlight</key>
				<styleUrl>#style12</styleUrl>
			</Pair>
		</StyleMap>
		<Placemark>
			<name>-10</name>
			<description>-10
@EIRP 50.2 dBW 
@G/T 4.97 dB/K
Pol. Horizontal</description>
			<styleUrl>#inline801</styleUrl>
			<LineString>
				<tessellate>1</tessellate>
				<coordinates>
					116.393,7.486000000000001,0 116.418,7.480000000000001,0 116.824,7.355,0 117.229,7.199,0 117.341,7.146,0 117.634,7.012,0 118.009,6.811,0 118.038,6.796,0 118.441,6.547,0 118.538,6.479,0 118.843,6.261999999999999,0 118.987,6.149000000000001,0 119.244,5.939,0 119.377,5.819999999999999,0 119.644,5.569,0 119.719,5.492,0 120.017,5.165,0 120.043,5.134,0 120.275,4.839,0 120.442,4.601,0 120.501,4.514,0 120.692,4.19,0 120.843,3.891,0 120.855,3.866000000000001,0 120.987,3.542,0 121.091,3.218999999999999,0 121.164,2.896,0 121.208,2.574,0 121.219,2.252,0 121.196,1.93,0 121.134,1.608,0 121.032,1.287,0 120.913,1.023,0 120.886,0.965,0 120.691,0.644,0 120.549,0.447,0 120.456,0.322,0 120.198,0,0 120.18,-0.022,0 119.948,-0.322,0 119.806,-0.519,0 119.726,-0.645,0 119.547,-0.967,0 119.426,-1.232,0 119.402,-1.29,0 119.29,-1.613,0 119.195,-1.936,0 119.109,-2.259,0 119.025,-2.583,0 119.021,-2.595,0 118.938,-2.906,0 118.841,-3.23,0 118.727,-3.555,0 118.597,-3.862000000000001,0 118.59,-3.879,0 118.425,-4.204,0 118.224,-4.53,0 118.181,-4.591,0 117.978,-4.857,0 117.769,-5.088,0 117.673,-5.185,0 117.359,-5.459,0 117.288,-5.514,0 116.95,-5.747,0 116.78,-5.845,0 116.542,-5.973000000000001,0 116.134,-6.149000000000001,0 116.045,-6.178999999999999,0 115.726,-6.285,0 115.318,-6.385000000000001,0 114.909,-6.45,0 114.5,-6.486,0 114.091,-6.492999999999999,0 113.682,-6.471,0 113.272,-6.42,0 112.862,-6.339,0 112.452,-6.225000000000001,0 112.437,-6.22,0 112.041,-6.082,0 111.631,-5.902,0 111.625,-5.9,0 111.22,-5.692,0 111.027,-5.577,0 110.808,-5.444,0 110.53,-5.252,0 110.396,-5.158,0 110.1,-4.927,0 109.982,-4.832,0 109.717,-4.601,0 109.567,-4.467,0 109.365,-4.275,0 109.149,-4.061,0 109.038,-3.948,0 108.728,-3.62,0 108.728,-3.62,0 108.427,-3.293,0 108.301,-3.151,0 108.134,-2.965,0 107.868,-2.66,0 107.847,-2.636,0 107.56,-2.308,0 107.428,-2.152,0 107.276,-1.979,0 107,-1.65,0 106.98,-1.625,0 106.726,-1.321,0 106.523,-1.063,0 106.464,-0.9909999999999999,0 106.213,-0.661,0 106.057,-0.437,0 105.98,-0.331,0 105.766,0,0 105.578,0.331,0 105.578,0.332,0 105.41,0.662,0 105.272,0.9939999999999999,0 105.161,1.325,0 105.08,1.657,0 105.063,1.766,0 105.027,1.989,0 105.006,2.321,0 105.019,2.652,0 105.024,2.687,0 105.067,2.984,0 105.154,3.315,0 105.285,3.647,0 105.433,3.92,0 105.467,3.977,0 105.713,4.307,0 105.872,4.479,0 106.041,4.636,0 106.318,4.855,0 106.488,4.964,0 106.768,5.123,0 107.146,5.289,0 107.219,5.318,0 107.671,5.456,0 108.123,5.546,0 108.575,5.595,0 108.764,5.602,0 109.025,5.611,0 109.475,5.597,0 109.511,5.594,0 109.922,5.557,0 110.367,5.497,0 110.81,5.423,0 111.249,5.342,0 111.684,5.263,0 111.893,5.239,0 112.113,5.213,0 112.535,5.217,0 112.604,5.231,0 112.944,5.341,0 113.214,5.554,0 113.332,5.704999999999999,0 113.432,5.879999999999999,0 113.575,6.206,0 113.681,6.472,0 113.708,6.533,0 113.871,6.859999999999999,0 114.035,7.101,0 114.116,7.186,0 114.414,7.416,0 114.627,7.508999999999999,0 114.806,7.569999999999999,0 115.205,7.629,0 115.608,7.624,0 116.013,7.571,0 116.393,7.486000000000001,0 
				</coordinates>
			</LineString>
		</Placemark>
		<Placemark>
			<name>-9</name>
			<description>-9
@EIRP 51.2 dBW 
@G/T 5.97 dB/K
Pol. Horizontal</description>
			<styleUrl>#inline801</styleUrl>
			<LineString>
				<tessellate>1</tessellate>
				<coordinates>
					117.303,6.819,0 117.662,6.662,0 118,6.484999999999999,0 118.064,6.451,0 118.466,6.203000000000001,0 118.535,6.153,0 118.867,5.912000000000001,0 118.975,5.824,0 119.267,5.574,0 119.351,5.495,0 119.666,5.178,0 119.676,5.168,0 119.95,4.842,0 120.066,4.688,0 120.188,4.516,0 120.388,4.192,0 120.467,4.042,0 120.555,3.867,0 120.689,3.544,0 120.792,3.221,0 120.863,2.898,0 120.881,2.741,0 120.9,2.575,0 120.902,2.253,0 120.895,2.181,0 120.866,1.931,0 120.788,1.609,0 120.667,1.288,0 120.545,1.047,0 120.5,0.966,0 120.288,0.644,0 120.179,0.4980000000000001,0 120.046,0.322,0 119.808,0.013,0 119.799,0,0 119.575,-0.322,0 119.432,-0.5600000000000001,0 119.387,-0.645,0 119.241,-0.968,0 119.124,-1.291,0 119.045,-1.55,0 119.027,-1.614,0 118.946,-1.937,0 118.869,-2.26,0 118.789,-2.584,0 118.7,-2.907,0 118.625,-3.147,0 118.598,-3.232,0 118.478,-3.556,0 118.332,-3.881,0 118.204,-4.115,0 118.152,-4.206,0 117.932,-4.533,0 117.79,-4.71,0 117.66,-4.86,0 117.379,-5.135,0 117.318,-5.188,0 116.97,-5.455,0 116.874,-5.518,0 116.561,-5.703,0 116.254,-5.850000000000001,0 116.153,-5.895999999999999,0 115.745,-6.043000000000001,0 115.336,-6.150000000000001,0 115.119,-6.189,0 114.928,-6.223,0 114.519,-6.263000000000001,0 114.11,-6.272000000000001,0 113.701,-6.251,0 113.377,-6.209000000000001,0 113.291,-6.198,0 112.881,-6.116,0 112.471,-6.001999999999999,0 112.172,-5.893,0 112.061,-5.853,0 111.651,-5.672,0 111.46,-5.572,0 111.24,-5.455,0 110.904,-5.249,0 110.828,-5.201,0 110.439,-4.924,0 110.416,-4.907,0 110.032,-4.598,0 110.002,-4.573,0 109.665,-4.272,0 109.586,-4.198,0 109.327,-3.944999999999999,0 109.167,-3.784,0 109.008,-3.618,0 108.744,-3.333,0 108.705,-3.291,0 108.411,-2.963,0 108.316,-2.854,0 108.123,-2.635,0 107.881,-2.352,0 107.842,-2.307,0 107.562,-1.978,0 107.439,-1.828,0 107.288,-1.649,0 107.022,-1.32,0 106.989,-1.276,0 106.762,-0.9909999999999999,0 106.53,-0.674,0 106.519,-0.661,0 106.287,-0.33,0 106.078,0,0 106.059,0.035,0 105.888,0.331,0 105.725,0.662,0 105.59,0.9929999999999999,0 105.568,1.06,0 105.481,1.324,0 105.402,1.656,0 105.355,1.987,0 105.341,2.319,0 105.363,2.65,0 105.423,2.982,0 105.483,3.18,0 105.526,3.313,0 105.679,3.642999999999999,0 105.889,3.974,0 105.91,4.001,0 106.179,4.303,0 106.352,4.461,0 106.576,4.631,0 106.799,4.776,0 107.153,4.957,0 107.248,5,0 107.699,5.156,0 108.15,5.259,0 108.279,5.276,0 108.6,5.318,0 109.05,5.338,0 109.499,5.325,0 109.946,5.282,0 110.117,5.257,0 110.391,5.216,0 110.833,5.134,0 111.273,5.039,0 111.708,4.941,0 111.869,4.91,0 112.139,4.859,0 112.564,4.812,0 112.981,4.825,0 113.241,4.897,0 113.388,4.959,0 113.688,5.221,0 113.773,5.336,0 113.896,5.547,0 114.05,5.872999999999999,0 114.129,6.048,0 114.204,6.199,0 114.4,6.525,0 114.487,6.638000000000001,0 114.719,6.849999999999999,0 114.865,6.95,0 115.255,7.102,0 115.652,7.156999999999999,0 116.052,7.145,0 116.454,7.083,0 116.856,6.98,0 117.259,6.839,0 117.303,6.819,0 
				</coordinates>
			</LineString>
		</Placemark>
		<Placemark>
			<name>-8</name>
			<description>-8
@EIRP 52.2 dBW 
@G/T 6.97 dB/K
Pol. Horizontal</description>
			<styleUrl>#inline801</styleUrl>
			<LineString>
				<tessellate>1</tessellate>
				<coordinates>
					117.058,6.495,0 117.292,6.423999999999999,0 117.692,6.259,0 117.885,6.16,0 118.092,6.052,0 118.45,5.829,0 118.493,5.801,0 118.892,5.499,0 118.892,5.499,0 119.254,5.172,0 119.292,5.134,0 119.558,4.845,0 119.692,4.682,0 119.815,4.519,0 120.03,4.194,0 120.094,4.08,0 120.204,3.869,0 120.341,3.546,0 120.444,3.222,0 120.507,2.924,0 120.512,2.899,0 120.541,2.577,0 120.532,2.254,0 120.525,2.211,0 120.479,1.932,0 120.381,1.61,0 120.239,1.288,0 120.173,1.172,0 120.048,0.967,0 119.824,0.645,0 119.806,0.62,0 119.585,0.322,0 119.434,0.109,0 119.363,0,0 119.177,-0.323,0 119.056,-0.577,0 119.027,-0.645,0 118.914,-0.968,0 118.823,-1.291,0 118.745,-1.614,0 118.674,-1.938,0 118.658,-2.009,0 118.603,-2.261,0 118.526,-2.585,0 118.437,-2.908999999999999,0 118.33,-3.233,0 118.231,-3.482,0 118.201,-3.558,0 118.041,-3.883,0 117.845,-4.208,0 117.814,-4.253,0 117.6,-4.535,0 117.401,-4.755,0 117.293,-4.863,0 116.991,-5.122,0 116.897,-5.191,0 116.582,-5.4,0 116.355,-5.522,0 116.173,-5.613,0 115.765,-5.775000000000001,0 115.482,-5.858000000000001,0 115.356,-5.893,0 114.948,-5.973000000000001,0 114.539,-6.017999999999999,0 114.13,-6.03,0 113.721,-6.009999999999999,0 113.312,-5.958000000000001,0 112.96,-5.885,0 112.902,-5.872999999999999,0 112.492,-5.756999999999999,0 112.082,-5.605,0 111.997,-5.566,0 111.672,-5.419,0 111.349,-5.244,0 111.261,-5.195,0 110.849,-4.933,0 110.83,-4.92,0 110.436,-4.631,0 110.391,-4.595,0 110.022,-4.287,0 110.002,-4.269,0 109.648,-3.943,0 109.605,-3.901,0 109.321,-3.616,0 109.185,-3.475,0 109.011,-3.289000000000001,0 108.761,-3.013,0 108.715,-2.961,0 108.428,-2.633,0 108.331,-2.52,0 108.147,-2.305,0 107.895,-2.002,0 107.873,-1.977,0 107.603,-1.648,0 107.45,-1.455,0 107.34,-1.319,0 107.088,-0.99,0 106.997,-0.8629999999999999,0 106.846,-0.66,0 106.621,-0.33,0 106.533,-0.188,0 106.414,0,0 106.229,0.331,0 106.07,0.661,0 106.054,0.7,0 105.936,0.9919999999999999,0 105.832,1.323,0 105.759,1.655,0 105.719,1.986,0 105.714,2.317,0 105.748,2.648,0 105.824,2.979000000000001,0 105.946,3.31,0 105.956,3.329,0 106.131,3.64,0 106.382,3.969,0 106.389,3.977,0 106.741,4.298,0 106.832,4.367,0 107.259,4.624,0 107.279,4.635,0 107.728,4.817,0 108.178,4.939,0 108.223,4.946,0 108.627,5.008,0 109.076,5.036,0 109.524,5.027,0 109.97,4.985,0 110.355,4.925,0 110.415,4.915,0 110.857,4.827,0 111.296,4.723,0 111.732,4.611,0 111.853,4.582,0 112.163,4.508,0 112.59,4.426,0 113.01,4.382,0 113.423,4.406,0 113.827,4.545,0 113.858,4.565,0 114.197,4.889,0 114.213,4.911,0 114.395,5.214,0 114.561,5.54,0 114.574,5.566,0 114.745,5.866,0 114.935,6.132999999999999,0 114.991,6.19,0 115.313,6.443,0 115.473,6.513,0 115.701,6.592000000000001,0 116.095,6.641,0 116.492,6.621,0 116.891,6.547,0 117.058,6.495,0 
				</coordinates>
			</LineString>
		</Placemark>
		<Placemark>
			<name>-7</name>
			<description>-7
@EIRP 53.2 dBW 
@G/T 7.97 dB/K
Pol. Horizontal</description>
			<styleUrl>#inline801</styleUrl>
			<LineString>
				<tessellate>1</tessellate>
				<coordinates>
					117.571,5.837,0 117.726,5.778,0 118.124,5.573,0 118.231,5.505,0 118.523,5.309,0 118.691,5.176,0 118.922,4.979,0 119.055,4.849,0 119.322,4.56,0 119.353,4.522,0 119.586,4.197,0 119.725,3.968,0 119.778,3.872,0 119.92,3.548,0 120.024,3.224000000000001,0 120.087,2.901,0 120.106,2.578,0 120.081,2.256,0 120.007,1.934,0 119.886,1.612,0 119.797,1.436,0 119.715,1.289,0 119.505,0.967,0 119.43,0.86,0 119.278,0.645,0 119.065,0.323,0 119.057,0.311,0 118.887,0,0 118.748,-0.323,0 118.678,-0.526,0 118.642,-0.646,0 118.562,-0.9689999999999999,0 118.496,-1.292,0 118.436,-1.615,0 118.376,-1.939,0 118.311,-2.262,0 118.266,-2.454,0 118.235,-2.586,0 118.143,-2.91,0 118.03,-3.234,0 117.89,-3.559,0 117.841,-3.652000000000001,0 117.713,-3.885,0 117.494,-4.211,0 117.426,-4.297,0 117.214,-4.538,0 117.014,-4.733,0 116.856,-4.866,0 116.604,-5.053,0 116.371,-5.196,0 116.195,-5.295,0 115.786,-5.476,0 115.624,-5.529,0 115.377,-5.607,0 114.969,-5.695999999999999,0 114.56,-5.747,0 114.151,-5.763,0 113.742,-5.745,0 113.333,-5.693,0 112.924,-5.607,0 112.759,-5.558,0 112.514,-5.487,0 112.104,-5.331,0 111.904,-5.238,0 111.694,-5.139,0 111.295,-4.916,0 111.283,-4.908,0 110.871,-4.638,0 110.807,-4.591,0 110.458,-4.325,0 110.386,-4.266,0 110.043,-3.969,0 110.011,-3.94,0 109.67,-3.613,0 109.625,-3.569,0 109.352,-3.286,0 109.204,-3.128,0 109.05,-2.959,0 108.778,-2.65,0 108.762,-2.632,0 108.482,-2.304,0 108.346,-2.139,0 108.21,-1.975,0 107.946,-1.647,0 107.907,-1.596,0 107.688,-1.318,0 107.46,-1.013,0 107.442,-0.989,0 107.206,-0.66,0 107.002,-0.354,0 106.986,-0.33,0 106.783,0,0 106.604,0.33,0 106.532,0.484,0 106.447,0.661,0 106.319,0.9909999999999999,0 106.221,1.322,0 106.156,1.653,0 106.125,1.984,0 106.132,2.315,0 106.183,2.646,0 106.282,2.976,0 106.434,3.306,0 106.434,3.306999999999999,0 106.666,3.636,0 106.87,3.857,0 106.992,3.964,0 107.313,4.198,0 107.483,4.291,0 107.76,4.423,0 108.207,4.572,0 108.412,4.613,0 108.655,4.659,0 109.103,4.698,0 109.55,4.696,0 109.995,4.657,0 110.395,4.595,0 110.439,4.588,0 110.881,4.496,0 111.319,4.387,0 111.755,4.266,0 111.799,4.254,0 112.186,4.149,0 112.613,4.044,0 113.035,3.96,0 113.452,3.918,0 113.861,3.946000000000001,0 114.262,4.085,0 114.474,4.233,0 114.65,4.413,0 114.759,4.557,0 114.954,4.882,0 115.017,4.997,0 115.143,5.207,0 115.365,5.532,0 115.381,5.552,0 115.737,5.855,0 115.758,5.869,0 116.144,6.016,0 116.536,6.06,0 116.931,6.025,0 117.328,5.929,0 117.571,5.837,0 
				</coordinates>
			</LineString>
		</Placemark>
		<Placemark>
			<name>-6</name>
			<description>-6
@EIRP 54.2 dBW 
@G/T 8.97 dB/K
Pol. Horizontal</description>
			<styleUrl>#inline801</styleUrl>
			<LineString>
				<tessellate>1</tessellate>
				<coordinates>
					117.707,5.184,0 117.764,5.164,0 118.161,4.952,0 118.3,4.854,0 118.559,4.656,0 118.696,4.527,0 118.959,4.245,0 118.995,4.201,0 119.21,3.875,0 119.365,3.581,0 119.379,3.551,0 119.483,3.227,0 119.538,2.904,0 119.544,2.581,0 119.498,2.258,0 119.413,1.977,0 119.398,1.935,0 119.236,1.613,0 119.049,1.3,0 119.043,1.291,0 118.827,0.968,0 118.677,0.721,0 118.635,0.646,0 118.48,0.323,0 118.367,0,0 118.3,-0.258,0 118.285,-0.323,0 118.225,-0.646,0 118.178,-0.9689999999999999,0 118.137,-1.293,0 118.094,-1.616,0 118.045,-1.94,0 117.985,-2.263,0 117.909,-2.587,0 117.876,-2.701,0 117.812,-2.912,0 117.689,-3.236,0 117.534,-3.561,0 117.454,-3.699,0 117.335,-3.887,0 117.083,-4.214,0 117.039,-4.262,0 116.752,-4.541,0 116.628,-4.646,0 116.309,-4.871,0 116.218,-4.928,0 115.809,-5.135,0 115.632,-5.203,0 115.4,-5.285,0 114.991,-5.386,0 114.583,-5.445,0 114.174,-5.466,0 113.765,-5.45,0 113.356,-5.398,0 112.947,-5.311,0 112.678,-5.231,0 112.537,-5.188,0 112.127,-5.027,0 111.883,-4.91,0 111.717,-4.828,0 111.305,-4.589,0 111.302,-4.587,0 110.893,-4.308,0 110.834,-4.262,0 110.48,-3.982,0 110.428,-3.936999999999999,0 110.065,-3.61,0 110.064,-3.61,0 109.735,-3.284,0 109.646,-3.192,0 109.426,-2.957,0 109.223,-2.732,0 109.133,-2.63,0 108.853,-2.302,0 108.795,-2.232,0 108.583,-1.974,0 108.361,-1.693,0 108.323,-1.646,0 108.071,-1.317,0 107.919,-1.108,0 107.829,-0.988,0 107.6,-0.659,0 107.467,-0.453,0 107.386,-0.33,0 107.191,0,0 107.017,0.33,0 107.002,0.362,0 106.868,0.66,0 106.747,0.9909999999999999,0 106.657,1.321,0 106.602,1.652,0 106.585,1.982,0 106.611,2.313,0 106.686,2.643,0 106.818,2.973,0 106.915,3.142,0 107.024,3.302,0 107.327,3.631,0 107.351,3.652000000000001,0 107.794,3.953,0 107.804,3.958,0 108.239,4.141,0 108.686,4.257,0 108.848,4.279,0 109.132,4.314,0 109.577,4.323,0 110.022,4.292,0 110.184,4.268,0 110.464,4.227,0 110.905,4.135,0 111.342,4.024,0 111.679,3.927,0 111.777,3.899,0 112.208,3.773,0 112.634,3.651,0 112.872,3.591000000000001,0 113.057,3.544,0 113.475,3.464,0 113.888,3.420999999999999,0 114.295,3.434000000000001,0 114.696,3.531,0 114.794,3.577999999999999,0 115.086,3.784,0 115.202,3.902,0 115.437,4.226,0 115.462,4.267,0 115.645,4.55,0 115.828,4.818,0 115.879,4.874,0 116.203,5.163,0 116.271,5.197,0 116.587,5.321,0 116.976,5.355,0 117.369,5.297,0 117.707,5.184,0 
				</coordinates>
			</LineString>
		</Placemark>
		<Placemark>
			<name>-5</name>
			<description>-5
@EIRP 55.2 dBW 
@G/T 9.97 dB/K
Pol. Horizontal</description>
			<styleUrl>#inline801</styleUrl>
			<LineString>
				<tessellate>1</tessellate>
				<coordinates>
					117.835,4.209,0 118.212,3.94,0 118.268,3.881,0 118.508,3.556000000000001,0 118.618,3.332,0 118.656,3.231,0 118.709,2.907,0 118.694,2.584,0 118.648,2.393,0 118.606,2.261,0 118.447,1.938,0 118.285,1.642,0 118.269,1.616,0 118.092,1.293,0 117.964,0.9699999999999999,0 117.914,0.794,0 117.879,0.647,0 117.827,0.323,0 117.798,0,0 117.78,-0.323,0 117.768,-0.647,0 117.755,-0.9699999999999999,0 117.738,-1.294,0 117.711,-1.617,0 117.672,-1.941,0 117.616,-2.265,0 117.539,-2.589,0 117.49,-2.746,0 117.434,-2.912999999999999,0 117.296,-3.238,0 117.119,-3.564000000000001,0 117.068,-3.64,0 116.884,-3.89,0 116.654,-4.146,0 116.58,-4.217,0 116.243,-4.492,0 116.161,-4.546,0 115.833,-4.738,0 115.518,-4.877,0 115.424,-4.915,0 115.015,-5.033,0 114.606,-5.103,0 114.198,-5.132,0 113.789,-5.119,0 113.38,-5.068,0 112.971,-4.98,0 112.718,-4.902,0 112.561,-4.853,0 112.151,-4.686,0 111.94,-4.581,0 111.741,-4.479,0 111.375,-4.258,0 111.329,-4.229,0 110.917,-3.934,0 110.916,-3.933,0 110.523,-3.607,0 110.503,-3.59,0 110.173,-3.281000000000001,0 110.087,-3.197000000000001,0 109.851,-2.954,0 109.667,-2.756,0 109.551,-2.627,0 109.267,-2.3,0 109.242,-2.27,0 108.999,-1.972,0 108.812,-1.734,0 108.741,-1.644,0 108.495,-1.316,0 108.374,-1.146,0 108.26,-0.987,0 108.039,-0.659,0 107.927,-0.48,0 107.832,-0.329,0 107.645,0,0 107.479,0.33,0 107.468,0.3569999999999999,0 107.34,0.66,0 107.231,0.99,0 107.154,1.32,0 107.115,1.65,0 107.119,1.98,0 107.174,2.31,0 107.288,2.64,0 107.398,2.843,0 107.48,2.969,0 107.782,3.297,0 107.833,3.34,0 108.274,3.616,0 108.292,3.623,0 108.718,3.776,0 109.162,3.864,0 109.606,3.894,0 110.049,3.875,0 110.49,3.819,0 110.929,3.733,0 111.365,3.624,0 111.446,3.601,0 111.799,3.499000000000001,0 112.229,3.367999999999999,0 112.56,3.266,0 112.655,3.236,0 113.077,3.113,0 113.495,3.003,0 113.826,2.932,0 113.91,2.912999999999999,0 114.32,2.851999999999999,0 114.725,2.826,0 115.127,2.851,0 115.426,2.924,0 115.522,2.958,0 115.909,3.210999999999999,0 115.948,3.246,0 116.217,3.569,0 116.285,3.667,0 116.467,3.893,0 116.657,4.103,0 116.834,4.216,0 117.037,4.313,0 117.424,4.334,0 117.815,4.22,0 117.835,4.209,0 
				</coordinates>
			</LineString>
		</Placemark>
		<Placemark>
			<name>-4</name>
			<description>-4
@EIRP 56.2 dBW 
@G/T 10.97 dB/K
Pol. Horizontal</description>
			<styleUrl>#inline800</styleUrl>
			<LineString>
				<tessellate>1</tessellate>
				<coordinates>
					110.946,3.275999999999999,0 110.953,3.275,0 111.388,3.172,0 111.82,3.052000000000001,0 112.186,2.941,0 112.249,2.922000000000001,0 112.674,2.786,0 113.096,2.651,0 113.235,2.609,0 113.514,2.521,0 113.928,2.399,0 114.339,2.284,0 114.364,2.278,0 114.747,2.178,0 115.151,2.077,0 115.553,1.971,0 115.642,1.948,0 115.952,1.848,0 116.35,1.655,0 116.399,1.621,0 116.721,1.296,0 116.749,1.256,0 116.898,0.9709999999999999,0 117.016,0.647,0 117.102,0.324,0 117.147,0.12,0 117.17,0,0 117.221,-0.324,0 117.258,-0.647,0 117.28,-0.9709999999999999,0 117.288,-1.295,0 117.277,-1.618,0 117.245,-1.942,0 117.191,-2.266,0 117.109,-2.591,0 117.107,-2.597,0 116.989,-2.916,0 116.828,-3.241,0 116.686,-3.467,0 116.614,-3.567,0 116.325,-3.894,0 116.272,-3.944,0 115.916,-4.222,0 115.86,-4.26,0 115.45,-4.476,0 115.243,-4.553,0 115.041,-4.621,0 114.632,-4.708,0 114.223,-4.747,0 113.814,-4.741,0 113.405,-4.693,0 112.996,-4.604,0 112.899,-4.573,0 112.587,-4.471,0 112.177,-4.298,0 112.088,-4.252,0 111.766,-4.078,0 111.529,-3.928,0 111.355,-3.813,0 111.075,-3.603,0 110.942,-3.498,0 110.688,-3.278,0 110.527,-3.13,0 110.344,-2.951,0 110.109,-2.71,0 110.03,-2.625,0 109.741,-2.298,0 109.688,-2.235,0 109.471,-1.97,0 109.261,-1.703,0 109.214,-1.643,0 108.974,-1.315,0 108.827,-1.103,0 108.745,-0.986,0 108.533,-0.658,0 108.384,-0.408,0 108.336,-0.329,0 108.162,0,0 108.009,0.329,0 107.927,0.544,0 107.883,0.659,0 107.791,0.988,0 107.736,1.318,0 107.724,1.648,0 107.764,1.977,0 107.866,2.307,0 107.882,2.339,0 108.069,2.635,0 108.314,2.894,0 108.405,2.963,0 108.753,3.165,0 109.1,3.288,0 109.194,3.316,0 109.636,3.38,0 110.077,3.387,0 110.516,3.348,0 110.946,3.275999999999999,0 
				</coordinates>
			</LineString>
		</Placemark>
		<Placemark>
			<name>-3</name>
			<description>-3
@EIRP 57.2 dBW 
@G/T 11.97 dB/K
Pol. Horizontal</description>
			<styleUrl>#inline80</styleUrl>
			<LineString>
				<tessellate>1</tessellate>
				<coordinates>
					111.528,2.617,0 111.842,2.537,0 112.269,2.413,0 112.677,2.285,0 112.693,2.28,0 113.113,2.137,0 113.53,1.992,0 113.638,1.955,0 113.944,1.843,0 114.355,1.687,0 114.511,1.626,0 114.763,1.518,0 115.168,1.324,0 115.215,1.299,0 115.57,1.082,0 115.716,0.9730000000000001,0 115.97,0.741,0 116.055,0.649,0 116.291,0.324,0 116.367,0.191,0 116.462,0,0 116.586,-0.324,0 116.675,-0.648,0 116.735,-0.9720000000000001,0 116.751,-1.123,0 116.767,-1.296,0 116.77,-1.62,0 116.745,-1.944,0 116.734,-2.009,0 116.686,-2.268,0 116.587,-2.593,0 116.444,-2.918000000000001,0 116.306,-3.151,0 116.243,-3.244,0 115.957,-3.571,0 115.891,-3.632,0 115.529,-3.899,0 115.479,-3.93,0 115.069,-4.119,0 114.688,-4.231,0 114.66,-4.239,0 114.251,-4.294,0 113.842,-4.298,0 113.433,-4.255,0 113.373,-4.242,0 113.023,-4.163,0 112.614,-4.026,0 112.378,-3.922,0 112.204,-3.841,0 111.793,-3.608,0 111.778,-3.598,0 111.381,-3.32,0 111.322,-3.274,0 110.968,-2.977,0 110.936,-2.948,0 110.599,-2.622,0 110.552,-2.573,0 110.298,-2.295,0 110.132,-2.104,0 110.02,-1.968,0 109.763,-1.641,0 109.708,-1.567,0 109.527,-1.313,0 109.305,-0.985,0 109.277,-0.9399999999999999,0 109.106,-0.657,0 108.923,-0.329,0 108.837,-0.151,0 108.764,0,0 108.634,0.329,0 108.533,0.658,0 108.468,0.987,0 108.451,1.316,0 108.495,1.645,0 108.618,1.974,0 108.795,2.238,0 108.856,2.302,0 109.23,2.568,0 109.375,2.628,0 109.668,2.722,0 110.106,2.781,0 110.543,2.777,0 110.978,2.729,0 111.411,2.646,0 111.528,2.617,0 
				</coordinates>
			</LineString>
		</Placemark>
		<Placemark>
			<name>-2</name>
			<description>-2
@EIRP 58.2 dBW 
@G/T 12.97 dB/K
Pol. Horizontal</description>
			<styleUrl>#inline803</styleUrl>
			<LineString>
				<tessellate>1</tessellate>
				<coordinates>
					111.6,1.962,0 111.862,1.911,0 112.287,1.803,0 112.71,1.679,0 112.851,1.631,0 113.129,1.535,0 113.545,1.378,0 113.729,1.303,0 113.957,1.203,0 114.367,1.007,0 114.427,0.976,0 114.774,0.771,0 114.953,0.65,0 115.178,0.473,0 115.342,0.325,0 115.577,0.064,0 115.627,0,0 115.831,-0.324,0 115.971,-0.627,0 115.98,-0.649,0 116.076,-0.9730000000000001,0 116.132,-1.297,0 116.147,-1.621,0 116.12,-1.946,0 116.048,-2.271,0 115.932,-2.577,0 115.924,-2.596,0 115.714,-2.922000000000001,0 115.515,-3.149,0 115.401,-3.249,0 115.102,-3.455,0 114.839,-3.577999999999999,0 114.691,-3.634999999999999,0 114.281,-3.726,0 113.872,-3.75,0 113.462,-3.715,0 113.053,-3.627,0 112.946,-3.59,0 112.643,-3.481,0 112.233,-3.282,0 112.209,-3.268,0 111.822,-3.02,0 111.719,-2.944,0 111.409,-2.697,0 111.321,-2.618,0 110.995,-2.306,0 110.981,-2.292,0 110.692,-1.966,0 110.577,-1.827,0 110.43,-1.639,0 110.192,-1.311,0 110.155,-1.254,0 109.985,-0.984,0 109.797,-0.656,0 109.726,-0.513,0 109.637,-0.328,0 109.508,0,0 109.412,0.328,0 109.358,0.657,0 109.363,0.985,0 109.451,1.313,0 109.659,1.641,0 109.705,1.686,0 110.138,1.935,0 110.262,1.967,0 110.571,2.026,0 111.004,2.036,0 111.434,1.994,0 111.6,1.962,0 
				</coordinates>
			</LineString>
		</Placemark>
		<Placemark>
			<name>-1</name>
			<description>-1
@EIRP 59.2 dBW 
@G/T 13.97 dB/K
Pol. Horizontal</description>
			<styleUrl>#inline802</styleUrl>
			<LineString>
				<tessellate>1</tessellate>
				<coordinates>
					112.371,0.979,0 112.724,0.892,0 113.141,0.756,0 113.404,0.652,0 113.555,0.587,0 113.966,0.377,0 114.053,0.325,0 114.374,0.106,0 114.506,0,0 114.777,-0.263,0 114.832,-0.325,0 115.055,-0.65,0 115.174,-0.893,0 115.208,-0.9740000000000001,0 115.287,-1.299,0 115.304,-1.624,0 115.255,-1.949,0 115.147,-2.237,0 115.129,-2.274,0 114.861,-2.601,0 114.73,-2.71,0 114.317,-2.924,0 114.294,-2.929,0 113.906,-3,0 113.496,-2.99,0 113.216,-2.935,0 113.086,-2.907,0 112.676,-2.746,0 112.431,-2.613,0 112.265,-2.513,0 111.964,-2.288,0 111.854,-2.196,0 111.611,-1.962,0 111.44,-1.779,0 111.32,-1.636,0 111.077,-1.309,0 111.024,-1.225,0 110.883,-0.982,0 110.725,-0.655,0 110.602,-0.329,0 110.602,-0.328,0 110.544,0,0 110.553,0.328,0 110.601,0.4849999999999999,0 110.685,0.655,0 111.029,0.9429999999999999,0 111.146,0.982,0 111.456,1.048,0 111.881,1.05,0 112.304,0.9950000000000001,0 112.371,0.979,0 
				</coordinates>
			</LineString>
		</Placemark>
		<Placemark>
			<name>Peak</name>
			<description>Peak
@EIRP 60.2 dBW 
@G/T 14.97 dB/K
Pol. Horizontal</description>
			<styleUrl>#stylemap_id10</styleUrl>
			<Point>
				<coordinates>113.138,-0.978,0</coordinates>
			</Point>
		</Placemark>
		<Placemark>
			<name>Beam7</name>
			<description>Polarization: Horizontal

User Frequency:
Gateway Jakarta
- Downlink: 12.606 - 12.750 GHz
- Uplink: 14.36 - 14.5 GHz</description>
			<LookAt>
				<longitude>108.5226006725925</longitude>
				<latitude>-2.476469991755147</latitude>
				<altitude>0</altitude>
				<heading>0.2594303806261555</heading>
				<tilt>0</tilt>
				<range>3277994.26927947</range>
				<gx:altitudeMode>relativeToSeaFloor</gx:altitudeMode>
			</LookAt>
			<styleUrl>#m_ylw-pushpin005</styleUrl>
			<Point>
				<gx:drawOrder>1</gx:drawOrder>
				<coordinates>113.138,-0.978,0</coordinates>
			</Point>
		</Placemark>
	</Document>
	<Document>
		<name>Beam 8</name>
		<Style id="inline3">
			<LineStyle>
				<color>ff00dede</color>
				<width>3.5</width>
			</LineStyle>
		</Style>
		<Style id="inline314">
			<LineStyle>
				<color>ff00c6c6</color>
				<width>3.5</width>
			</LineStyle>
		</Style>
		<Style id="inline315">
			<LineStyle>
				<color>ff7fffff</color>
				<width>3.5</width>
			</LineStyle>
		</Style>
		<Style id="inline316">
			<LineStyle>
				<color>ff98fcff</color>
				<width>3.5</width>
			</LineStyle>
		</Style>
		<Style id="inline37">
			<LineStyle>
				<color>ff7fffff</color>
				<width>3.5</width>
			</LineStyle>
		</Style>
		<Style id="inline38">
			<LineStyle>
				<color>ff00ffff</color>
				<width>3.5</width>
			</LineStyle>
		</Style>
		<Style id="inline39">
			<LineStyle>
				<color>ff00e8e8</color>
				<width>3.5</width>
			</LineStyle>
		</Style>
		<Style id="inline5">
			<LineStyle>
				<color>ff7fffff</color>
				<width>3.5</width>
			</LineStyle>
		</Style>
		<Style id="inline514">
			<LineStyle>
				<color>ff00c6c6</color>
				<width>3.5</width>
			</LineStyle>
		</Style>
		<Style id="inline515">
			<LineStyle>
				<color>ff00dede</color>
				<width>3.5</width>
			</LineStyle>
		</Style>
		<Style id="inline516">
			<LineStyle>
				<color>ff00ffff</color>
				<width>3.5</width>
			</LineStyle>
		</Style>
		<Style id="inline57">
			<LineStyle>
				<color>ff7fffff</color>
				<width>3.5</width>
			</LineStyle>
		</Style>
		<Style id="inline58">
			<LineStyle>
				<color>ff98fcff</color>
				<width>3.5</width>
			</LineStyle>
		</Style>
		<Style id="inline59">
			<LineStyle>
				<color>ff00e8e8</color>
				<width>3.5</width>
			</LineStyle>
		</Style>
		<StyleMap id="inline8">
			<Pair>
				<key>normal</key>
				<styleUrl>#inline314</styleUrl>
			</Pair>
			<Pair>
				<key>highlight</key>
				<styleUrl>#inline514</styleUrl>
			</Pair>
		</StyleMap>
		<StyleMap id="inline814">
			<Pair>
				<key>normal</key>
				<styleUrl>#inline3</styleUrl>
			</Pair>
			<Pair>
				<key>highlight</key>
				<styleUrl>#inline515</styleUrl>
			</Pair>
		</StyleMap>
		<StyleMap id="inline815">
			<Pair>
				<key>normal</key>
				<styleUrl>#inline38</styleUrl>
			</Pair>
			<Pair>
				<key>highlight</key>
				<styleUrl>#inline516</styleUrl>
			</Pair>
		</StyleMap>
		<StyleMap id="inline816">
			<Pair>
				<key>normal</key>
				<styleUrl>#inline316</styleUrl>
			</Pair>
			<Pair>
				<key>highlight</key>
				<styleUrl>#inline58</styleUrl>
			</Pair>
		</StyleMap>
		<StyleMap id="inline87">
			<Pair>
				<key>normal</key>
				<styleUrl>#inline39</styleUrl>
			</Pair>
			<Pair>
				<key>highlight</key>
				<styleUrl>#inline59</styleUrl>
			</Pair>
		</StyleMap>
		<StyleMap id="inline88">
			<Pair>
				<key>normal</key>
				<styleUrl>#inline315</styleUrl>
			</Pair>
			<Pair>
				<key>highlight</key>
				<styleUrl>#inline57</styleUrl>
			</Pair>
		</StyleMap>
		<StyleMap id="inline89">
			<Pair>
				<key>normal</key>
				<styleUrl>#inline37</styleUrl>
			</Pair>
			<Pair>
				<key>highlight</key>
				<styleUrl>#inline5</styleUrl>
			</Pair>
		</StyleMap>
		<StyleMap id="m_ylw-pushpin006">
			<Pair>
				<key>normal</key>
				<styleUrl>#s_ylw-pushpin005</styleUrl>
			</Pair>
			<Pair>
				<key>highlight</key>
				<styleUrl>#s_ylw-pushpin_hl005</styleUrl>
			</Pair>
		</StyleMap>
		<Style id="s_ylw-pushpin005">
			<IconStyle>
				<scale>1.1</scale>
				<Icon>
					<href>http://maps.google.com/mapfiles/kml/pushpin/ylw-pushpin.png</href>
				</Icon>
				<hotSpot x="20" y="2" xunits="pixels" yunits="pixels"/>
			</IconStyle>
		</Style>
		<Style id="s_ylw-pushpin_hl005">
			<IconStyle>
				<scale>1.3</scale>
				<Icon>
					<href>http://maps.google.com/mapfiles/kml/pushpin/ylw-pushpin.png</href>
				</Icon>
				<hotSpot x="20" y="2" xunits="pixels" yunits="pixels"/>
			</IconStyle>
		</Style>
		<Style id="style13">
			<IconStyle>
				<Icon>
					<href>http://maps.google.com/mapfiles/kml/shapes/cross-hairs_highlight.png</href>
				</Icon>
			</IconStyle>
		</Style>
		<Style id="style14">
			<IconStyle>
				<Icon>
					<href>http://maps.google.com/mapfiles/kml/shapes/cross-hairs_highlight.png</href>
				</Icon>
			</IconStyle>
		</Style>
		<StyleMap id="stylemap_id11">
			<Pair>
				<key>normal</key>
				<styleUrl>#style13</styleUrl>
			</Pair>
			<Pair>
				<key>highlight</key>
				<styleUrl>#style14</styleUrl>
			</Pair>
		</StyleMap>
		<Placemark>
			<name>-10</name>
			<description>-10
@EIRP 46.65 dBW 
@G/T 0.57 dB/K
Pol. Horizontal</description>
			<styleUrl>#inline816</styleUrl>
			<LineString>
				<tessellate>1</tessellate>
				<coordinates>
					134.135,3.32,0 134.277,3.295,0 134.603,3.221,0 134.928,3.128,0 135.253,3.019,0 135.305,3,0 135.577,2.899,0 135.901,2.769,0 136.11,2.681,0 136.224,2.633,0 136.546,2.498,0 136.868,2.365,0 136.873,2.363,0 137.189,2.239,0 137.509,2.121,0 137.728,2.045,0 137.829,2.011,0 138.148,1.908,0 138.467,1.811,0 138.749,1.728,0 138.785,1.717,0 139.103,1.625,0 139.421,1.532,0 139.738,1.433,0 139.806,1.411,0 140.055,1.329,0 140.371,1.217,0 140.683,1.094,0 140.687,1.093,0 141.003,0.958,0 141.319,0.8060000000000002,0 141.373,0.778,0 141.634,0.64,0 141.933,0.462,0 141.949,0.452,0 142.264,0.243,0 142.397,0.147,0 142.578,0.005,0 142.785,-0.169,0 142.892,-0.269,0 143.109,-0.4849999999999999,0 143.206,-0.594,0 143.38,-0.8,0 143.52,-0.9960000000000001,0 143.603,-1.116,0 143.784,-1.432,0 143.833,-1.54,0 143.928,-1.747,0 144.037,-2.063,0 144.115,-2.379,0 144.146,-2.576,0 144.165,-2.695,0 144.193,-3.011,0 144.199,-3.328,0 144.188,-3.644000000000001,0 144.161,-3.961,0 144.142,-4.117,0 144.125,-4.278,0 144.083,-4.595,0 144.036,-4.912,0 143.989,-5.23,0 143.943,-5.548,0 143.902,-5.866,0 143.867,-6.184,0 143.838,-6.503,0 143.817,-6.822000000000001,0 143.816,-6.857,0 143.804,-7.141999999999999,0 143.797,-7.461,0 143.795,-7.781,0 143.798,-8.102,0 143.804,-8.423,0 143.806,-8.484,0 143.812,-8.744,0 143.819,-9.066000000000001,0 143.822,-9.388,0 143.819,-9.711,0 143.805,-10.034,0 143.793,-10.186,0 143.779,-10.358,0 143.739,-10.682,0 143.68,-11.007,0 143.598,-11.333,0 143.487,-11.659,0 143.457,-11.731,0 143.346,-11.986,0 143.166,-12.314,0 143.127,-12.374,0 142.933,-12.642,0 142.797,-12.801,0 142.624,-12.971,0 142.468,-13.107,0 142.183,-13.302,0 142.139,-13.33,0 141.811,-13.491,0 141.483,-13.599,0 141.309,-13.635,0 141.155,-13.667,0 140.828,-13.697,0 140.501,-13.696,0 140.175,-13.667,0 140.024,-13.641,0 139.849,-13.614,0 139.524,-13.543,0 139.2,-13.454,0 138.875,-13.349,0 138.791,-13.318,0 138.551,-13.234,0 138.228,-13.111,0 137.933,-12.993,0 137.904,-12.982,0 137.581,-12.855,0 137.257,-12.727,0 137.109,-12.67,0 136.933,-12.603,0 136.609,-12.486,0 136.284,-12.377,0 136.187,-12.348,0 135.958,-12.279,0 135.632,-12.194,0 135.304,-12.124,0 134.975,-12.073,0 134.644,-12.045,0 134.312,-12.043,0 133.977,-12.071,0 133.64,-12.133,0 133.3,-12.226,0 132.957,-12.345,0 132.871,-12.377,0 132.612,-12.478,0 132.266,-12.612,0 131.963,-12.717,0 131.919,-12.731,0 131.573,-12.824,0 131.228,-12.885,0 130.885,-12.911,0 130.543,-12.904,0 130.203,-12.865,0 129.864,-12.803,0 129.608,-12.745,0 129.525,-12.726,0 129.185,-12.65,0 128.843,-12.592,0 128.498,-12.569,0 128.147,-12.597,0 127.789,-12.685,0 127.577,-12.772,0 127.424,-12.837,0 127.051,-13.049,0 126.953,-13.114,0 126.672,-13.305,0 126.461,-13.454,0 126.288,-13.579,0 125.968,-13.796,0 125.902,-13.842,0 125.517,-14.073,0 125.378,-14.141,0 125.133,-14.261,0 124.753,-14.401,0 124.38,-14.495,0 124.377,-14.496,0 124.003,-14.553,0 123.632,-14.573,0 123.264,-14.558,0 122.972,-14.523,0 122.899,-14.514,0 122.536,-14.444,0 122.175,-14.345,0 121.817,-14.218,0 121.797,-14.209,0 121.461,-14.066,0 121.12,-13.886,0 121.108,-13.88,0 120.759,-13.661,0 120.622,-13.56,0 120.415,-13.396,0 120.233,-13.232,0 120.078,-13.075,0 119.925,-12.903,0 119.749,-12.67,0 119.682,-12.573,0 119.492,-12.243,0 119.438,-12.124,0 119.347,-11.912,0 119.241,-11.581,0 119.172,-11.25,0 119.168,-11.22,0 119.13,-10.919,0 119.116,-10.587,0 119.127,-10.256,0 119.162,-9.926,0 119.218,-9.595000000000001,0 119.294,-9.265000000000001,0 119.39,-8.933999999999999,0 119.428,-8.824999999999999,0 119.503,-8.605,0 119.634,-8.275,0 119.786,-7.946,0 119.904,-7.72,0 119.956,-7.617000000000001,0 120.144,-7.289,0 120.335,-6.991,0 120.355,-6.96,0 120.583,-6.633,0 120.746,-6.418,0 120.834,-6.305,0 121.107,-5.978,0 121.146,-5.933999999999999,0 121.405,-5.651999999999999,0 121.537,-5.514,0 121.73,-5.325,0 121.922,-5.145,0 122.087,-4.999,0 122.301,-4.817,0 122.485,-4.674,0 122.675,-4.528,0 122.935,-4.349,0 123.045,-4.273,0 123.412,-4.047,0 123.455,-4.024,0 123.776,-3.844,0 124.068,-3.699,0 124.137,-3.663,0 124.496,-3.492,0 124.754,-3.375,0 124.852,-3.327,0 125.208,-3.156,0 125.415,-3.051,0 125.562,-2.97,0 125.914,-2.755,0 125.954,-2.729,0 126.266,-2.494,0 126.368,-2.408,0 126.617,-2.17,0 126.695,-2.087,0 126.962,-1.767,0 126.967,-1.76,0 127.186,-1.447,0 127.316,-1.248,0 127.388,-1.128,0 127.578,-0.8090000000000001,0 127.661,-0.67,0 127.765,-0.49,0 127.958,-0.171,0 128.003,-0.1,0 128.16,0.148,0 128.342,0.414,0 128.378,0.4670000000000001,0 128.612,0.7850000000000001,0 128.679,0.869,0 128.868,1.103,0 129.014,1.27,0 129.15,1.422,0 129.347,1.626,0 129.463,1.74,0 129.679,1.941,0 129.813,2.057,0 130.01,2.222,0 130.213,2.375,0 130.341,2.47,0 130.671,2.685,0 130.683,2.692,0 131,2.873,0 131.29,3.008999999999999,0 131.329,3.028,0 131.658,3.157,0 131.987,3.257,0 132.293,3.325,0 132.315,3.33,0 132.643,3.38,0 132.97,3.406,0 133.297,3.409,0 133.624,3.391,0 133.951,3.353,0 134.135,3.32,0 
				</coordinates>
			</LineString>
		</Placemark>
		<Placemark>
			<name>-9</name>
			<description>-9
@EIRP 47.65 dBW 
@G/T 1.57 dB/K
Pol. Horizontal</description>
			<styleUrl>#inline816</styleUrl>
			<LineString>
				<tessellate>1</tessellate>
				<coordinates>
					134.607,3.000999999999999,0 134.931,2.908,0 135.255,2.8,0 135.57,2.682,0 135.579,2.678,0 135.903,2.549,0 136.226,2.414,0 136.345,2.363,0 136.548,2.278,0 136.869,2.147,0 137.13,2.046,0 137.19,2.023,0 137.511,1.906,0 137.83,1.798,0 138.049,1.728,0 138.149,1.697,0 138.468,1.601,0 138.786,1.508,0 139.104,1.416,0 139.119,1.411,0 139.422,1.321,0 139.739,1.222,0 140.055,1.115,0 140.111,1.095,0 140.372,0.999,0 140.688,0.87,0 140.893,0.778,0 141.004,0.727,0 141.319,0.569,0 141.512,0.462,0 141.634,0.3920000000000001,0 141.949,0.193,0 142.016,0.147,0 142.264,-0.034,0 142.434,-0.169,0 142.578,-0.295,0 142.78,-0.4849999999999999,0 142.892,-0.603,0 143.069,-0.8,0 143.206,-0.979,0 143.307,-1.116,0 143.499,-1.432,0 143.52,-1.473,0 143.654,-1.747,0 143.772,-2.063,0 143.832,-2.28,0 143.86,-2.379,0 143.921,-2.695,0 143.957,-3.011,0 143.972,-3.328,0 143.97,-3.644000000000001,0 143.952,-3.961,0 143.924,-4.278,0 143.888,-4.595,0 143.847,-4.912,0 143.824,-5.082,0 143.805,-5.23,0 143.765,-5.548,0 143.727,-5.866,0 143.695,-6.184999999999999,0 143.667,-6.503,0 143.646,-6.822000000000001,0 143.63,-7.141999999999999,0 143.619,-7.461999999999999,0 143.613,-7.782,0 143.609,-8.102,0 143.607,-8.423,0 143.605,-8.744,0 143.6,-9.066000000000001,0 143.589,-9.388999999999999,0 143.571,-9.711,0 143.541,-10.035,0 143.496,-10.358,0 143.47,-10.502,0 143.436,-10.683,0 143.355,-11.008,0 143.248,-11.333,0 143.137,-11.6,0 143.11,-11.66,0 142.933,-11.987,0 142.806,-12.179,0 142.704,-12.315,0 142.477,-12.569,0 142.396,-12.643,0 142.148,-12.846,0 141.944,-12.973,0 141.82,-13.044,0 141.492,-13.184,0 141.165,-13.274,0 140.955,-13.307,0 140.837,-13.324,0 140.511,-13.341,0 140.185,-13.327,0 140.056,-13.311,0 139.859,-13.288,0 139.534,-13.227,0 139.21,-13.147,0 138.886,-13.05,0 138.708,-12.989,0 138.562,-12.94,0 138.239,-12.823,0 137.915,-12.698,0 137.832,-12.665,0 137.592,-12.572,0 137.269,-12.446,0 136.998,-12.342,0 136.945,-12.322,0 136.621,-12.203,0 136.296,-12.093,0 136.064,-12.021,0 135.971,-11.992,0 135.645,-11.903,0 135.318,-11.828,0 134.99,-11.771,0 134.66,-11.735,0 134.329,-11.722,0 133.995,-11.737,0 133.659,-11.784,0 133.321,-11.861,0 132.979,-11.966,0 132.747,-12.05,0 132.636,-12.091,0 132.291,-12.22,0 131.945,-12.341,0 131.777,-12.389,0 131.6,-12.438,0 131.255,-12.504,0 130.912,-12.537,0 130.571,-12.535,0 130.231,-12.501,0 129.891,-12.445,0 129.736,-12.413,0 129.552,-12.375,0 129.213,-12.308,0 128.87,-12.26,0 128.525,-12.247,0 128.174,-12.283,0 127.816,-12.375,0 127.66,-12.44,0 127.452,-12.527,0 127.081,-12.734,0 127.009,-12.781,0 126.704,-12.984,0 126.509,-13.12,0 126.321,-13.254,0 126.019,-13.461,0 125.937,-13.518,0 125.552,-13.755,0 125.455,-13.805,0 125.169,-13.952,0 124.789,-14.101,0 124.595,-14.155,0 124.412,-14.207,0 124.038,-14.272,0 123.667,-14.299,0 123.299,-14.29,0 122.934,-14.25,0 122.642,-14.192,0 122.571,-14.179,0 122.211,-14.08,0 121.853,-13.951,0 121.684,-13.875,0 121.499,-13.791,0 121.148,-13.595,0 121.08,-13.551,0 120.801,-13.358,0 120.636,-13.224,0 120.46,-13.068,0 120.29,-12.896,0 120.127,-12.707,0 120.018,-12.567,0 119.807,-12.239,0 119.806,-12.237,0 119.642,-11.907,0 119.522,-11.576,0 119.512,-11.541,0 119.436,-11.245,0 119.384,-10.914,0 119.361,-10.583,0 119.365,-10.253,0 119.393,-9.922000000000001,0 119.442,-9.592000000000001,0 119.513,-9.260999999999999,0 119.604,-8.930999999999999,0 119.715,-8.602,0 119.848,-8.272,0 119.86,-8.247,0 119.998,-7.942999999999999,0 120.168,-7.615,0 120.306,-7.379,0 120.36,-7.285999999999999,0 120.572,-6.958,0 120.724,-6.743999999999999,0 120.807,-6.630000000000001,0 121.063,-6.303,0 121.128,-6.226000000000001,0 121.345,-5.976,0 121.522,-5.785,0 121.655,-5.65,0 121.909,-5.402,0 121.995,-5.323,0 122.289,-5.065,0 122.374,-4.997,0 122.665,-4.77,0 122.804,-4.672,0 123.036,-4.509,0 123.298,-4.346,0 123.403,-4.281,0 123.768,-4.079,0 123.884,-4.021,0 124.129,-3.897,0 124.488,-3.732,0 124.572,-3.696,0 124.845,-3.572,0 125.201,-3.415,0 125.294,-3.371999999999999,0 125.555,-3.243,0 125.908,-3.053,0 125.914,-3.049,0 126.26,-2.822,0 126.386,-2.728,0 126.611,-2.537,0 126.748,-2.407,0 126.962,-2.176,0 127.036,-2.086,0 127.275,-1.766,0 127.311,-1.715,0 127.481,-1.447,0 127.658,-1.15,0 127.671,-1.128,0 127.851,-0.8080000000000001,0 128.002,-0.546,0 128.034,-0.489,0 128.223,-0.171,0 128.343,0.017,0 128.426,0.148,0 128.645,0.4670000000000001,0 128.68,0.515,0 128.883,0.7850000000000001,0 129.016,0.9469999999999998,0 129.147,1.103,0 129.35,1.326,0 129.44,1.421,0 129.682,1.659,0 129.77,1.739,0 130.014,1.951,0 130.146,2.057,0 130.344,2.209,0 130.586,2.374,0 130.674,2.433,0 131.004,2.625,0 131.138,2.691,0 131.333,2.787,0 131.662,2.919,0 131.942,3.007,0 131.99,3.023,0 132.318,3.101,0 132.646,3.153999999999999,0 132.974,3.182,0 133.301,3.187,0 133.628,3.171,0 133.954,3.134,0 134.28,3.077,0 134.606,3.000999999999999,0 134.607,3.000999999999999,0 
				</coordinates>
			</LineString>
		</Placemark>
		<Placemark>
			<name>-8</name>
			<description>-8
@EIRP 48.65 dBW 
@G/T 2.57 dB/K
Pol. Horizontal</description>
			<styleUrl>#inline816</styleUrl>
			<LineString>
				<tessellate>1</tessellate>
				<coordinates>
					134.874,2.683,0 134.934,2.666,0 135.258,2.556,0 135.582,2.434,0 135.754,2.364,0 135.905,2.303,0 136.228,2.168,0 136.519,2.046,0 136.55,2.033,0 136.871,1.903,0 137.192,1.781,0 137.336,1.729,0 137.512,1.666,0 137.831,1.56,0 138.151,1.461,0 138.318,1.412,0 138.469,1.367,0 138.787,1.276,0 139.105,1.184,0 139.401,1.095,0 139.422,1.088,0 139.739,0.987,0 140.056,0.878,0 140.316,0.7789999999999999,0 140.372,0.7569999999999999,0 140.688,0.623,0 141.004,0.473,0 141.024,0.463,0 141.319,0.305,0 141.584,0.147,0 141.634,0.115,0 141.949,-0.1,0 142.041,-0.169,0 142.264,-0.35,0 142.417,-0.4849999999999999,0 142.578,-0.642,0 142.729,-0.8,0 142.892,-0.9970000000000001,0 142.985,-1.116,0 143.193,-1.432,0 143.205,-1.455,0 143.36,-1.747,0 143.489,-2.063,0 143.518,-2.156,0 143.588,-2.379,0 143.659,-2.695,0 143.703,-3.012,0 143.727,-3.328,0 143.733,-3.644000000000001,0 143.724,-3.961,0 143.704,-4.278,0 143.676,-4.595,0 143.642,-4.913,0 143.605,-5.23,0 143.569,-5.548,0 143.534,-5.866,0 143.503,-6.183,0 143.503,-6.184999999999999,0 143.476,-6.503,0 143.454,-6.823000000000001,0 143.436,-7.141999999999999,0 143.421,-7.461999999999999,0 143.41,-7.782,0 143.4,-8.102,0 143.39,-8.423,0 143.377,-8.744999999999999,0 143.361,-9.067,0 143.337,-9.388999999999999,0 143.304,-9.712,0 143.257,-10.035,0 143.194,-10.359,0 143.149,-10.54,0 143.111,-10.683,0 143.005,-11.008,0 142.867,-11.334,0 142.817,-11.435,0 142.69,-11.661,0 142.487,-11.957,0 142.462,-11.988,0 142.158,-12.31,0 142.151,-12.316,0 141.83,-12.559,0 141.675,-12.646,0 141.502,-12.735,0 141.174,-12.854,0 140.847,-12.927,0 140.521,-12.962,0 140.195,-12.964,0 139.87,-12.938,0 139.545,-12.887,0 139.221,-12.815,0 138.897,-12.726,0 138.693,-12.66,0 138.573,-12.622,0 138.25,-12.508,0 137.927,-12.386,0 137.799,-12.337,0 137.604,-12.261,0 137.281,-12.135,0 136.968,-12.014,0 136.958,-12.01,0 136.634,-11.889,0 136.31,-11.775,0 136.053,-11.693,0 135.985,-11.671,0 135.66,-11.577,0 135.334,-11.497,0 135.006,-11.434,0 134.677,-11.389,0 134.52,-11.378,0 134.347,-11.365,0 134.014,-11.367,0 133.821,-11.384,0 133.68,-11.397,0 133.343,-11.456,0 133.004,-11.544,0 132.662,-11.654,0 132.464,-11.724,0 132.319,-11.776,0 131.974,-11.894,0 131.629,-11.995,0 131.302,-12.065,0 131.285,-12.068,0 130.943,-12.107,0 130.601,-12.113,0 130.261,-12.088,0 130.19,-12.077,0 129.922,-12.039,0 129.583,-11.981,0 129.242,-11.926,0 128.9,-11.891,0 128.553,-11.891,0 128.202,-11.937,0 127.845,-12.036,0 127.674,-12.109,0 127.482,-12.19,0 127.112,-12.396,0 127.031,-12.449,0 126.736,-12.643,0 126.529,-12.788,0 126.356,-12.91,0 126.041,-13.128,0 125.973,-13.175,0 125.589,-13.418,0 125.492,-13.47,0 125.206,-13.623,0 124.826,-13.781,0 124.707,-13.818,0 124.449,-13.897,0 124.075,-13.971,0 123.704,-14.004,0 123.336,-14.001,0 122.971,-13.964,0 122.609,-13.894,0 122.487,-13.859,0 122.249,-13.792,0 121.892,-13.658,0 121.644,-13.54,0 121.539,-13.489,0 121.19,-13.279,0 121.101,-13.215,0 120.846,-13.019,0 120.701,-12.888,0 120.51,-12.695,0 120.391,-12.56,0 120.183,-12.279,0 120.15,-12.231,0 119.965,-11.901,0 119.876,-11.694,0 119.826,-11.57,0 119.726,-11.24,0 119.662,-10.91,0 119.629,-10.579,0 119.629,-10.561,0 119.623,-10.248,0 119.642,-9.917999999999999,0 119.686,-9.587999999999999,0 119.753,-9.257999999999999,0 119.773,-9.183,0 119.841,-8.928000000000001,0 119.949,-8.599,0 120.079,-8.269,0 120.231,-7.941,0 120.267,-7.872,0 120.403,-7.612,0 120.597,-7.284,0 120.697,-7.132,0 120.814,-6.956,0 121.055,-6.628,0 121.107,-6.562000000000001,0 121.32,-6.300999999999999,0 121.505,-6.092,0 121.614,-5.974000000000001,0 121.894,-5.689,0 121.937,-5.647,0 122.276,-5.34,0 122.299,-5.321,0 122.653,-5.036,0 122.709,-4.995,0 123.025,-4.77,0 123.183,-4.669,0 123.393,-4.536,0 123.74,-4.344,0 123.758,-4.333,0 124.12,-4.152,0 124.419,-4.018,0 124.48,-3.99,0 124.837,-3.837,0 125.187,-3.693,0 125.193,-3.691,0 125.547,-3.535,0 125.893,-3.37,0 125.9,-3.366,0 126.252,-3.164,0 126.43,-3.047,0 126.603,-2.919,0 126.832,-2.726,0 126.954,-2.609,0 127.142,-2.405,0 127.304,-2.208,0 127.394,-2.085,0 127.608,-1.766,0 127.653,-1.693,0 127.796,-1.446,0 127.974,-1.127,0 127.999,-1.082,0 128.148,-0.8080000000000001,0 128.326,-0.489,0 128.342,-0.463,0 128.514,-0.171,0 128.681,0.091,0 128.718,0.148,0 128.94,0.466,0 129.018,0.569,0 129.185,0.7850000000000001,0 129.352,0.982,0 129.46,1.103,0 129.685,1.338,0 129.77,1.421,0 130.017,1.648,0 130.125,1.739,0 130.348,1.918,0 130.539,2.056,0 130.678,2.152,0 131.008,2.353,0 131.047,2.373,0 131.337,2.521,0 131.666,2.658,0 131.759,2.69,0 131.994,2.768,0 132.322,2.85,0 132.65,2.905,0 132.977,2.936,0 133.304,2.943,0 133.631,2.929,0 133.957,2.893,0 134.283,2.836,0 134.609,2.76,0 134.874,2.683,0 
				</coordinates>
			</LineString>
		</Placemark>
		<Placemark>
			<name>-7</name>
			<description>-7
@EIRP 49.65 dBW 
@G/T 3.57 dB/K
Pol. Horizontal</description>
			<styleUrl>#inline816</styleUrl>
			<LineString>
				<tessellate>1</tessellate>
				<coordinates>
					134.092,1.733,0 134.295,1.658,0 134.62,1.52,0 134.849,1.415,0 134.944,1.368,0 135.268,1.205,0 135.484,1.097,0 135.591,1.04,0 135.914,0.877,0 136.125,0.7799999999999999,0 136.235,0.726,0 136.556,0.59,0 136.877,0.48,0 136.939,0.463,0 137.197,0.389,0 137.516,0.323,0 137.835,0.28,0 138.154,0.255,0 138.472,0.243,0 138.789,0.237,0 139.107,0.232,0 139.424,0.223,0 139.74,0.204,0 140.057,0.171,0 140.213,0.147,0 140.373,0.12,0 140.689,0.045,0 141.004,-0.052,0 141.305,-0.169,0 141.319,-0.175,0 141.634,-0.336,0 141.882,-0.4849999999999999,0 141.949,-0.53,0 142.263,-0.772,0 142.296,-0.8,0 142.577,-1.083,0 142.607,-1.116,0 142.842,-1.432,0 142.891,-1.516,0 143.015,-1.748,0 143.14,-2.063,0 143.204,-2.3,0 143.224,-2.379,0 143.273,-2.696,0 143.293,-3.012,0 143.291,-3.328,0 143.272,-3.645,0 143.241,-3.961,0 143.201,-4.278,0 143.197,-4.306,0 143.155,-4.596,0 143.109,-4.913,0 143.065,-5.231,0 143.025,-5.549,0 142.99,-5.867,0 142.961,-6.184999999999999,0 142.937,-6.504,0 142.917,-6.823000000000001,0 142.901,-7.143,0 142.884,-7.461999999999999,0 142.866,-7.783,0 142.856,-7.931,0 142.844,-8.103,0 142.816,-8.423999999999999,0 142.78,-8.746,0 142.737,-9.068,0 142.684,-9.390000000000001,0 142.622,-9.712999999999999,0 142.549,-10.036,0 142.512,-10.179,0 142.461,-10.36,0 142.356,-10.685,0 142.236,-11.01,0 142.177,-11.153,0 142.088,-11.336,0 141.908,-11.663,0 141.845,-11.764,0 141.669,-11.99,0 141.513,-12.168,0 141.338,-12.319,0 141.184,-12.438,0 140.855,-12.609,0 140.713,-12.649,0 140.528,-12.699,0 140.202,-12.72,0 139.877,-12.681,0 139.785,-12.654,0 139.554,-12.584,0 139.233,-12.427,0 139.085,-12.329,0 138.914,-12.213,0 138.664,-12.004,0 138.596,-11.946,0 138.323,-11.678,0 138.28,-11.636,0 138.014,-11.354,0 137.966,-11.303,0 137.704,-11.029,0 137.651,-10.976,0 137.36,-10.706,0 137.335,-10.684,0 137.017,-10.447,0 136.898,-10.384,0 136.696,-10.278,0 136.373,-10.181,0 136.047,-10.15,0 135.719,-10.177,0 135.388,-10.246,0 135.055,-10.346,0 134.913,-10.397,0 134.72,-10.461,0 134.384,-10.578,0 134.048,-10.69,0 133.912,-10.73,0 133.711,-10.785,0 133.375,-10.859,0 133.039,-10.908,0 132.703,-10.927,0 132.369,-10.913,0 132.036,-10.867,0 131.704,-10.789,0 131.583,-10.751,0 131.373,-10.681,0 131.043,-10.55,0 130.765,-10.432,0 130.713,-10.409,0 130.383,-10.268,0 130.05,-10.147,0 129.922,-10.114,0 129.715,-10.06,0 129.376,-10.022,0 129.032,-10.045,0 128.717,-10.127,0 128.682,-10.135,0 128.327,-10.293,0 128.056,-10.461,0 127.965,-10.518,0 127.601,-10.794,0 127.596,-10.797,0 127.222,-11.116,0 127.21,-11.127,0 126.843,-11.453,0 126.835,-11.461,0 126.462,-11.785,0 126.449,-11.796,0 126.079,-12.093,0 126.026,-12.132,0 125.697,-12.365,0 125.522,-12.471,0 125.316,-12.593,0 124.937,-12.78,0 124.85,-12.814,0 124.56,-12.927,0 124.184,-13.035,0 123.811,-13.109,0 123.44,-13.15,0 123.071,-13.158,0 122.704,-13.135,0 122.34,-13.078,0 121.979,-12.987,0 121.648,-12.87,0 121.62,-12.86,0 121.267,-12.687,0 121.041,-12.548,0 120.918,-12.462,0 120.633,-12.222,0 120.577,-12.167,0 120.341,-11.894,0 120.248,-11.761,0 120.127,-11.565,0 119.972,-11.236,0 119.942,-11.147,0 119.868,-10.906,0 119.806,-10.576,0 119.781,-10.246,0 119.79,-9.916,0 119.83,-9.586,0 119.901,-9.256,0 120.001,-8.926,0 120.13,-8.596,0 120.223,-8.4,0 120.286,-8.266999999999999,0 120.471,-7.938,0 120.659,-7.646999999999999,0 120.684,-7.609000000000001,0 120.928,-7.279999999999999,0 121.07,-7.109,0 121.204,-6.952,0 121.469,-6.67,0 121.514,-6.624,0 121.858,-6.299999999999999,0 121.863,-6.296,0 122.242,-5.98,0 122.257,-5.968,0 122.62,-5.698,0 122.701,-5.641,0 122.994,-5.444,0 123.196,-5.314,0 123.364,-5.21,0 123.732,-4.992,0 123.738,-4.988,0 124.096,-4.785,0 124.319,-4.662,0 124.459,-4.585,0 124.819,-4.387,0 124.91,-4.337,0 125.177,-4.188,0 125.486,-4.013,0 125.534,-3.985,0 125.889,-3.774000000000001,0 126.026,-3.69,0 126.242,-3.551,0 126.515,-3.367,0 126.594,-3.31,0 126.945,-3.046,0 126.946,-3.045,0 127.294,-2.753,0 127.326,-2.724,0 127.642,-2.423,0 127.661,-2.404,0 127.96,-2.084,0 127.989,-2.05,0 128.229,-1.765,0 128.334,-1.631,0 128.476,-1.445,0 128.677,-1.166,0 128.705,-1.126,0 128.928,-0.8070000000000002,0 129.017,-0.677,0 129.148,-0.489,0 129.355,-0.191,0 129.37,-0.17,0 129.608,0.148,0 129.69,0.253,0 129.866,0.466,0 130.024,0.645,0 130.157,0.7840000000000001,0 130.356,0.978,0 130.499,1.102,0 130.687,1.254,0 130.924,1.419,0 131.017,1.48,0 131.347,1.659,0 131.528,1.736,0 131.676,1.796,0 132.005,1.894,0 132.333,1.955,0 132.661,1.982,0 132.989,1.975,0 133.316,1.937,0 133.643,1.869,0 133.969,1.776,0 134.092,1.733,0 
				</coordinates>
			</LineString>
		</Placemark>
		<Placemark>
			<name>-6</name>
			<description>-6
@EIRP 50.65 dBW 
@G/T 4.57 dB/K
Pol. Horizontal</description>
			<styleUrl>#inline89</styleUrl>
			<LineString>
				<tessellate>1</tessellate>
				<coordinates>
					133.617,1.416,0 133.646,1.409,0 133.972,1.307,0 134.298,1.181,0 134.484,1.098,0 134.623,1.032,0 134.947,0.8639999999999999,0 135.102,0.7809999999999999,0 135.27,0.6830000000000001,0 135.593,0.499,0 135.659,0.464,0 135.915,0.312,0 136.236,0.147,0 136.236,0.147,0 136.557,-0.011,0 136.877,-0.132,0 137.012,-0.169,0 137.197,-0.228,0 137.516,-0.295,0 137.835,-0.334,0 138.153,-0.353,0 138.472,-0.358,0 138.789,-0.358,0 139.107,-0.358,0 139.424,-0.366,0 139.74,-0.386,0 140.057,-0.424,0 140.373,-0.483,0 140.382,-0.4849999999999999,0 140.688,-0.575,0 141.004,-0.696,0 141.219,-0.801,0 141.319,-0.856,0 141.633,-1.065,0 141.699,-1.116,0 141.948,-1.346,0 142.029,-1.432,0 142.262,-1.739,0 142.268,-1.748,0 142.431,-2.064,0 142.548,-2.38,0 142.574,-2.485,0 142.621,-2.696,0 142.659,-3.012,0 142.671,-3.329,0 142.665,-3.645,0 142.645,-3.962,0 142.617,-4.279,0 142.585,-4.596,0 142.564,-4.806,0 142.552,-4.914,0 142.52,-5.231,0 142.492,-5.549,0 142.469,-5.867,0 142.452,-6.185999999999999,0 142.439,-6.505,0 142.43,-6.824,0 142.421,-7.143,0 142.412,-7.462999999999999,0 142.398,-7.783,0 142.377,-8.103999999999999,0 142.348,-8.425000000000001,0 142.31,-8.747,0 142.259,-9.069000000000001,0 142.203,-9.356,0 142.195,-9.391,0 142.11,-9.714,0 142.008,-10.038,0 141.888,-10.362,0 141.868,-10.411,0 141.73,-10.687,0 141.542,-11.012,0 141.536,-11.022,0 141.274,-11.339,0 141.206,-11.413,0 140.877,-11.661,0 140.866,-11.666,0 140.55,-11.798,0 140.225,-11.849,0 139.901,-11.825,0 139.579,-11.732,0 139.46,-11.672,0 139.259,-11.57,0 138.941,-11.35,0 138.939,-11.349,0 138.624,-11.076,0 138.571,-11.025,0 138.308,-10.768,0 138.243,-10.701,0 137.993,-10.447,0 137.923,-10.378,0 137.678,-10.137,0 137.582,-10.055,0 137.362,-9.866,0 137.161,-9.734,0 137.043,-9.654,0 136.723,-9.513,0 136.399,-9.451000000000001,0 136.073,-9.459,0 135.743,-9.523,0 135.412,-9.631,0 135.136,-9.746,0 135.079,-9.766999999999999,0 134.744,-9.907,0 134.408,-10.05,0 134.345,-10.076,0 134.072,-10.177,0 133.736,-10.285,0 133.4,-10.369,0 133.144,-10.41,0 133.064,-10.423,0 132.729,-10.442,0 132.396,-10.426,0 132.341,-10.417,0 132.064,-10.372,0 131.733,-10.285,0 131.403,-10.169,0 131.238,-10.102,0 131.074,-10.03,0 130.744,-9.879,0 130.523,-9.782999999999999,0 130.414,-9.733000000000001,0 130.083,-9.606999999999999,0 129.748,-9.521000000000001,0 129.409,-9.484999999999999,0 129.066,-9.507999999999999,0 128.718,-9.596,0 128.364,-9.754,0 128.282,-9.805,0 128.003,-9.975,0 127.791,-10.137,0 127.637,-10.253,0 127.386,-10.469,0 127.265,-10.572,0 127.013,-10.801,0 126.888,-10.913,0 126.643,-11.134,0 126.508,-11.254,0 126.255,-11.469,0 126.127,-11.575,0 125.824,-11.805,0 125.745,-11.862,0 125.364,-12.107,0 125.299,-12.143,0 124.986,-12.308,0 124.609,-12.467,0 124.549,-12.487,0 124.234,-12.585,0 123.861,-12.664,0 123.491,-12.706,0 123.123,-12.713,0 122.758,-12.683,0 122.396,-12.616,0 122.1,-12.528,0 122.037,-12.508,0 121.683,-12.351,0 121.435,-12.207,0 121.334,-12.141,0 121.021,-11.882,0 120.993,-11.854,0 120.737,-11.554,0 120.664,-11.447,0 120.535,-11.226,0 120.394,-10.897,0 120.362,-10.786,0 120.306,-10.568,0 120.262,-10.238,0 120.256,-9.909000000000001,0 120.286,-9.579000000000001,0 120.349,-9.249000000000001,0 120.444,-8.92,0 120.57,-8.590999999999999,0 120.583,-8.563000000000001,0 120.728,-8.260999999999999,0 120.916,-7.932,0 121.02,-7.775,0 121.137,-7.604,0 121.391,-7.275,0 121.431,-7.229,0 121.683,-6.947,0 121.827,-6.8,0 122.015,-6.619,0 122.215,-6.441,0 122.393,-6.291,0 122.596,-6.131,0 122.822,-5.964,0 122.973,-5.857,0 123.306,-5.635999999999999,0 123.345,-5.611,0 123.714,-5.389,0 123.852,-5.31,0 124.079,-5.182,0 124.443,-4.983,0 124.443,-4.983,0 124.803,-4.794,0 125.065,-4.658,0 125.162,-4.606,0 125.519,-4.418,0 125.679,-4.333,0 125.875,-4.225,0 126.228,-4.024,0 126.254,-4.009,0 126.581,-3.812,0 126.779,-3.686,0 126.932,-3.583000000000001,0 127.237,-3.363999999999999,0 127.282,-3.33,0 127.63,-3.046,0 127.634,-3.043,0 127.978,-2.726,0 127.981,-2.722,0 128.287,-2.402,0 128.324,-2.36,0 128.558,-2.083,0 128.669,-1.94,0 128.802,-1.763,0 129.012,-1.465,0 129.026,-1.444,0 129.243,-1.126,0 129.352,-0.961,0 129.455,-0.8070000000000002,0 129.67,-0.489,0 129.69,-0.461,0 129.903,-0.17,0 130.025,-0.012,0 130.157,0.148,0 130.358,0.374,0 130.448,0.466,0 130.69,0.6929999999999999,0 130.8,0.7830000000000001,0 131.021,0.9510000000000001,0 131.257,1.101,0 131.351,1.156,0 131.68,1.31,0 131.993,1.418,0 132.009,1.423,0 132.337,1.491,0 132.665,1.522,0 132.993,1.517,0 133.32,1.479,0 133.617,1.416,0 
				</coordinates>
			</LineString>
		</Placemark>
		<Placemark>
			<name>-5</name>
			<description>-5
@EIRP 51.65 dBW 
@G/T 5.57 dB/K
Pol. Horizontal</description>
			<styleUrl>#inline88</styleUrl>
			<LineString>
				<tessellate>1</tessellate>
				<coordinates>
					133.782,0.7809999999999999,0 133.975,0.709,0 134.3,0.5590000000000001,0 134.482,0.464,0 134.625,0.378,0 134.948,0.173,0 134.988,0.147,0 135.271,-0.066,0 135.416,-0.17,0 135.593,-0.322,0 135.808,-0.486,0 135.914,-0.587,0 136.192,-0.8029999999999999,0 136.235,-0.8460000000000001,0 136.555,-1.085,0 136.622,-1.119,0 136.874,-1.288,0 137.194,-1.399,0 137.491,-1.435,0 137.513,-1.438,0 137.608,-1.435,0 137.832,-1.429,0 138.151,-1.395,0 138.469,-1.35,0 138.787,-1.306,0 139.105,-1.274,0 139.422,-1.26,0 139.739,-1.271,0 140.055,-1.313,0 140.371,-1.39,0 140.486,-1.433,0 140.686,-1.522,0 141.001,-1.713,0 141.047,-1.748,0 141.316,-2.012,0 141.359,-2.064,0 141.557,-2.38,0 141.629,-2.543,0 141.685,-2.696,0 141.758,-3.013,0 141.796,-3.329,0 141.808,-3.646,0 141.804,-3.963,0 141.791,-4.28,0 141.775,-4.597,0 141.761,-4.915,0 141.753,-5.232,0 141.75,-5.55,0 141.752,-5.869,0 141.758,-6.186999999999999,0 141.768,-6.506,0 141.778,-6.825,0 141.786,-7.145,0 141.787,-7.464,0 141.78,-7.785000000000001,0 141.761,-8.105,0 141.727,-8.426,0 141.677,-8.747999999999999,0 141.607,-9.07,0 141.566,-9.220000000000001,0 141.507,-9.393000000000001,0 141.372,-9.715999999999999,0 141.232,-9.99,0 141.199,-10.04,0 140.942,-10.365,0 140.903,-10.407,0 140.576,-10.641,0 140.431,-10.691,0 140.252,-10.747,0 139.929,-10.752,0 139.696,-10.694,0 139.607,-10.671,0 139.288,-10.507,0 139.1,-10.372,0 138.971,-10.276,0 138.719,-10.05,0 138.655,-9.989000000000001,0 138.403,-9.727,0 138.341,-9.659000000000001,0 138.113,-9.404999999999999,0 138.027,-9.303000000000001,0 137.828,-9.084,0 137.713,-8.943,0 137.532,-8.763,0 137.399,-8.609,0 137.191,-8.442,0 137.083,-8.333,0 136.764,-8.170999999999999,0 136.44,-8.157999999999999,0 136.111,-8.273999999999999,0 135.852,-8.449,0 135.779,-8.484,0 135.445,-8.709,0 135.365,-8.773999999999999,0 135.11,-8.933999999999999,0 134.869,-9.1,0 134.774,-9.154,0 134.438,-9.347,0 134.288,-9.428000000000001,0 134.101,-9.513999999999999,0 133.765,-9.647,0 133.429,-9.750999999999999,0 133.392,-9.757999999999999,0 133.094,-9.811,0 132.76,-9.833,0 132.428,-9.814,0 132.165,-9.768000000000001,0 132.096,-9.755000000000001,0 131.767,-9.653,0 131.438,-9.523,0 131.279,-9.451000000000001,0 131.11,-9.368,0 130.782,-9.204000000000001,0 130.626,-9.132,0 130.453,-9.047000000000001,0 130.121,-8.916,0 129.787,-8.832000000000001,0 129.625,-8.817,0 129.449,-8.798999999999999,0 129.207,-8.82,0 129.106,-8.829000000000001,0 128.759,-8.920999999999999,0 128.406,-9.085000000000001,0 128.3,-9.154,0 128.048,-9.311,0 127.828,-9.484,0 127.683,-9.595000000000001,0 127.437,-9.814,0 127.313,-9.922000000000001,0 127.078,-10.145,0 126.938,-10.274,0 126.726,-10.477,0 126.56,-10.631,0 126.363,-10.809,0 126.179,-10.971,0 125.969,-11.143,0 125.798,-11.278,0 125.513,-11.479,0 125.418,-11.543,0 125.04,-11.762,0 124.922,-11.818,0 124.663,-11.935,0 124.289,-12.063,0 123.917,-12.149,0 123.765,-12.167,0 123.548,-12.192,0 123.182,-12.195,0 123.041,-12.179,0 122.819,-12.154,0 122.46,-12.065,0 122.105,-11.926,0 121.991,-11.865,0 121.757,-11.721,0 121.53,-11.541,0 121.417,-11.431,0 121.234,-11.215,0 121.091,-10.995,0 121.032,-10.887,0 120.903,-10.558,0 120.827,-10.23,0 120.813,-10.085,0 120.799,-9.901,0 120.813,-9.571,0 120.866,-9.242000000000001,0 120.91,-9.08,0 120.956,-8.913,0 121.083,-8.584,0 121.242,-8.255000000000001,0 121.37,-8.035,0 121.437,-7.926,0 121.67,-7.598,0 121.782,-7.458,0 121.943,-7.269,0 122.178,-7.02,0 122.258,-6.941,0 122.565,-6.662,0 122.623,-6.613,0 122.945,-6.359,0 123.046,-6.285,0 123.32,-6.096000000000001,0 123.534,-5.958000000000001,0 123.69,-5.861,0 124.058,-5.647,0 124.089,-5.63,0 124.422,-5.454,0 124.717,-5.304,0 124.784,-5.27,0 125.143,-5.096,0 125.392,-4.977,0 125.5,-4.924,0 125.856,-4.755,0 126.069,-4.652,0 126.21,-4.581,0 126.563,-4.402,0 126.705,-4.327,0 126.914,-4.212,0 127.264,-4.005,0 127.266,-4.004,0 127.613,-3.781,0 127.755,-3.682,0 127.961,-3.527,0 128.166,-3.361,0 128.308,-3.235,0 128.515,-3.040000000000001,0 128.654,-2.895000000000001,0 128.813,-2.72,0 128.999,-2.493,0 129.071,-2.4,0 129.3,-2.081,0 129.342,-2.019,0 129.512,-1.762,0 129.684,-1.483,0 129.708,-1.443,0 129.909,-1.125,0 130.022,-0.9469999999999998,0 130.115,-0.8060000000000002,0 130.335,-0.488,0 130.358,-0.458,0 130.592,-0.17,0 130.692,-0.059,0 130.898,0.148,0 131.023,0.261,0 131.287,0.465,0 131.354,0.512,0 131.684,0.698,0 131.886,0.7830000000000001,0 132.013,0.831,0 132.341,0.9120000000000001,0 132.669,0.9510000000000001,0 132.996,0.9469999999999998,0 133.323,0.905,0 133.649,0.826,0 133.782,0.7809999999999999,0 
				</coordinates>
			</LineString>
		</Placemark>
		<Placemark>
			<name>-4</name>
			<description>-4
@EIRP 52.65 dBW 
@G/T 6.57 dB/K
Pol. Horizontal</description>
			<styleUrl>#inline815</styleUrl>
			<LineString>
				<tessellate>1</tessellate>
				<coordinates>
					137.217,-3.336,0 137.495,-3.648000000000001,0 137.498,-3.652000000000001,0 137.642,-3.969,0 137.727,-4.287,0 137.754,-4.604,0 137.722,-4.922,0 137.633,-5.241,0 137.496,-5.56,0 137.467,-5.614,0 137.279,-5.878999999999999,0 137.137,-6.055999999999999,0 136.927,-6.2,0 136.81,-6.280000000000001,0 136.487,-6.292,0 136.334,-6.202000000000001,0 136.168,-6.116999999999999,0 135.925,-5.884,0 135.852,-5.815,0 135.659,-5.566,0 135.537,-5.394,0 135.452,-5.248,0 135.317,-4.93,0 135.261,-4.611,0 135.308,-4.293,0 135.458,-3.975,0 135.565,-3.828,0 135.726,-3.656000000000001,0 135.892,-3.508,0 136.156,-3.338,0 136.217,-3.298,0 136.539,-3.179,0 136.86,-3.166,0 137.179,-3.3,0 137.217,-3.336,0 
				</coordinates>
			</LineString>
		</Placemark>
		<Placemark>
			<name>-3</name>
			<description>-3
@EIRP 53.65 dBW 
@G/T 7.57 dB/K
Pol. Horizontal</description>
			<styleUrl>#inline87</styleUrl>
			<LineString>
				<tessellate>1</tessellate>
				<coordinates>
					133.017,0.147,0 133.325,0.08500000000000001,0 133.651,-0.037,0 133.908,-0.17,0 133.976,-0.215,0 134.3,-0.4739999999999999,0 134.315,-0.487,0 134.575,-0.8029999999999999,0 134.623,-0.895,0 134.74,-1.12,0 134.818,-1.437,0 134.809,-1.754,0 134.716,-2.071,0 134.614,-2.267,0 134.548,-2.389,0 134.324,-2.707,0 134.284,-2.757,0 134.066,-3.025,0 133.954,-3.166,0 133.807,-3.343,0 133.621,-3.612,0 133.585,-3.662,0 133.416,-3.98,0 133.322,-4.299,0 133.308,-4.618,0 133.377,-4.937,0 133.527,-5.255,0 133.585,-5.341,0 133.729,-5.574,0 133.9,-5.806,0 133.959,-5.892,0 134.184,-6.211000000000001,0 134.215,-6.259,0 134.377,-6.53,0 134.523,-6.849999999999999,0 134.525,-6.855,0 134.604,-7.17,0 134.613,-7.491,0 134.54,-7.812999999999999,0 134.491,-7.907000000000001,0 134.366,-8.135,0 134.146,-8.385,0 134.07,-8.460000000000001,0 133.807,-8.646000000000001,0 133.554,-8.786,0 133.47,-8.821999999999999,0 133.135,-8.917,0 132.801,-8.955,0 132.47,-8.935,0 132.14,-8.863,0 131.954,-8.797000000000001,0 131.812,-8.739000000000001,0 131.485,-8.574,0 131.313,-8.478999999999999,0 131.159,-8.382,0 130.833,-8.189,0 130.775,-8.16,0 130.505,-8.004,0 130.174,-7.87,0 130.054,-7.843,0 129.84,-7.786,0 129.503,-7.77,0 129.16,-7.826,0 129.099,-7.85,0 128.813,-7.944999999999999,0 128.461,-8.140000000000001,0 128.41,-8.18,0 128.103,-8.395,0 127.979,-8.507999999999999,0 127.74,-8.710000000000001,0 127.615,-8.836,0 127.371,-9.07,0 127.283,-9.164,0 126.997,-9.458,0 126.965,-9.493,0 126.646,-9.823,0 126.62,-9.849,0 126.312,-10.154,0 126.24,-10.222,0 125.948,-10.487,0 125.86,-10.563,0 125.53,-10.82,0 125.48,-10.858,0 125.102,-11.1,0 124.995,-11.157,0 124.726,-11.291,0 124.352,-11.433,0 124.083,-11.5,0 123.981,-11.524,0 123.614,-11.564,0 123.25,-11.555,0 123.022,-11.517,0 122.891,-11.492,0 122.537,-11.362,0 122.248,-11.198,0 122.189,-11.158,0 121.886,-10.873,0 121.853,-10.834,0 121.67,-10.547,0 121.543,-10.245,0 121.534,-10.219,0 121.471,-9.891,0 121.46,-9.561999999999999,0 121.497,-9.234,0 121.578,-8.904999999999999,0 121.694,-8.587999999999999,0 121.699,-8.576000000000001,0 121.868,-8.247999999999999,0 122.074,-7.919,0 122.119,-7.859,0 122.332,-7.59,0 122.518,-7.383,0 122.635,-7.262,0 122.905,-7.011,0 122.996,-6.934,0 123.285,-6.707000000000001,0 123.427,-6.605999999999999,0 123.659,-6.45,0 123.939,-6.278000000000001,0 124.028,-6.225000000000001,0 124.394,-6.029,0 124.556,-5.949999999999999,0 124.757,-5.854,0 125.117,-5.693,0 125.29,-5.622,0 125.475,-5.546,0 125.83,-5.407,0 126.123,-5.294,0 126.184,-5.27,0 126.536,-5.141,0 126.887,-5.006,0 126.989,-4.968,0 127.236,-4.87,0 127.585,-4.722,0 127.761,-4.643,0 127.932,-4.561,0 128.278,-4.379,0 128.382,-4.319,0 128.624,-4.169,0 128.868,-3.997,0 128.969,-3.919000000000001,0 129.251,-3.676,0 129.314,-3.615,0 129.558,-3.356,0 129.658,-3.229,0 129.803,-3.036,0 129.999,-2.717,0 130.003,-2.71,0 130.179,-2.398,0 130.333,-2.079,0 130.346,-2.051,0 130.493,-1.76,0 130.654,-1.442,0 130.686,-1.385,0 130.844,-1.124,0 131.021,-0.858,0 131.06,-0.8060000000000002,0 131.336,-0.488,0 131.354,-0.47,0 131.685,-0.197,0 131.727,-0.17,0 132.014,-0.017,0 132.343,0.101,0 132.617,0.147,0 132.671,0.155,0 132.998,0.151,0 133.017,0.147,0 
				</coordinates>
			</LineString>
		</Placemark>
		<Placemark>
			<name>-2</name>
			<description>-2
@EIRP 54.65 dBW 
@G/T 8.57 dB/K
Pol. Horizontal</description>
			<styleUrl>#inline814</styleUrl>
			<LineString>
				<tessellate>1</tessellate>
				<coordinates>
					140.375,-6.509000000000001,0 140.529,-6.828,0 140.639,-7.133,0 140.642,-7.147,0 140.686,-7.467,0 140.698,-7.787,0 140.674,-8.108000000000001,0 140.62,-8.368,0 140.6,-8.429,0 140.417,-8.752000000000001,0 140.29,-8.901,0 139.966,-9.044,0 139.647,-8.978999999999999,0 139.33,-8.756,0 139.329,-8.755000000000001,0 139.105,-8.433999999999999,0 139.02,-8.254,0 138.966,-8.113,0 138.912,-7.793000000000001,0 138.926,-7.472000000000001,0 139.004,-7.152,0 139.043,-7.057,0 139.166,-6.831,0 139.372,-6.532,0 139.395,-6.511,0 139.695,-6.267,0 140.014,-6.211000000000001,0 140.33,-6.427,0 140.375,-6.509000000000001,0 
				</coordinates>
			</LineString>
		</Placemark>
		<Placemark>
			<name>-1</name>
			<description>-1
@EIRP 55.65 dBW 
@G/T 9.57 dB/K
Pol. Horizontal</description>
			<styleUrl>#inline8</styleUrl>
			<LineString>
				<tessellate>1</tessellate>
				<coordinates>
					126.91,-6.253999999999999,0 127.177,-6.338,0 127.477,-6.572,0 127.506,-6.665,0 127.552,-6.894,0 127.492,-7.216999999999999,0 127.477,-7.249000000000001,0 127.364,-7.542,0 127.198,-7.866999999999999,0 127.088,-8.042999999999999,0 127.003,-8.193,0 126.785,-8.519,0 126.704,-8.627000000000001,0 126.545,-8.847,0 126.321,-9.129,0 126.284,-9.175000000000001,0 125.991,-9.504,0 125.939,-9.558,0 125.651,-9.835000000000001,0 125.558,-9.917999999999999,0 125.24,-10.168,0 125.179,-10.212,0 124.803,-10.437,0 124.656,-10.504,0 124.43,-10.596,0 124.062,-10.689,0 123.697,-10.717,0 123.338,-10.672,0 122.986,-10.543,0 122.961,-10.527,0 122.647,-10.268,0 122.594,-10.204,0 122.417,-9.877000000000001,0 122.343,-9.59,0 122.336,-9.550000000000001,0 122.339,-9.223000000000001,0 122.402,-8.894,0 122.404,-8.888999999999999,0 122.53,-8.566000000000001,0 122.709,-8.238,0 122.833,-8.058999999999999,0 122.948,-7.909,0 123.227,-7.602000000000001,0 123.249,-7.581,0 123.609,-7.273,0 123.637,-7.252,0 123.983,-7.017,0 124.141,-6.923,0 124.352,-6.807000000000001,0 124.716,-6.633,0 124.817,-6.594,0 125.077,-6.497,0 125.434,-6.388,0 125.789,-6.303,0 126.046,-6.261,0 126.141,-6.246,0 126.49,-6.224,0 126.836,-6.241,0 126.91,-6.253999999999999,0 
				</coordinates>
			</LineString>
		</Placemark>
		<Placemark>
			<name>Peak</name>
			<description>Peak
@EIRP 56.65 dBW 
@G/T 10.57 dB/K
Pol. Horizontal</description>
			<styleUrl>#stylemap_id11</styleUrl>
			<Point>
				<coordinates>124.572,-8.868,0</coordinates>
			</Point>
		</Placemark>
		<Placemark>
			<name>Beam8</name>
			<description>Polarization: Horizontal

User Frequency:
Gateway Jakarta
- Downlink: 12.606 - 12.750 GHz
- Uplink: 14.36 - 14.5 GHz</description>
			<LookAt>
				<longitude>108.5226006725925</longitude>
				<latitude>-2.476469991755147</latitude>
				<altitude>0</altitude>
				<heading>0.2594303806261555</heading>
				<tilt>0</tilt>
				<range>3277994.26927947</range>
				<gx:altitudeMode>relativeToSeaFloor</gx:altitudeMode>
			</LookAt>
			<styleUrl>#m_ylw-pushpin006</styleUrl>
			<Point>
				<gx:drawOrder>1</gx:drawOrder>
				<coordinates>124.572,-8.868,0</coordinates>
			</Point>
		</Placemark>
	</Document>
</Document>
</kml>
